./scripts/run_unit_tests.sh pg18
Running unit tests with cargo test (with libpg_stub.dylib)
    Finished `test` profile [unoptimized + debuginfo] target(s) in 0.28s
     Running unittests src/lib.rs (target/debug/deps/pg_trickle-4ee1afd55312a28c)

running 2587 tests
test api::alter::tests::test_alter_query_proves_materialized_result_frontier_row_identity_auxiliary_state ... ok
test api::alter::tests::test_explain_alter_classifies_compatible_without_mutation ... ok
test api::alter::tests::test_explain_alter_classifies_rebuildable_without_mutation ... ok
test api::alter::tests::test_explain_alter_rejects_without_mutation ... ok
test api::alter::tests::test_order_bulk_drop_target_ids_handles_independent_targets ... ok
test api::alter::tests::test_order_bulk_drop_target_ids_puts_dependents_first ... ok
test api::alter::tests::test_order_bulk_drop_target_ids_rejects_cycles ... ok
test api::alter::tests::test_shadow_rebuild_atomic_swap_preserves_old_result_until_cutover ... ok
test api::alter::tests::test_shadow_rebuild_interruption_resumes_or_rolls_back ... ok
test api::cluster::tests::test_cluster_worker_summary_impl_no_crash ... ok
test api::diagnostics::tests::test_compare_release_versions_orders_numeric_versions ... ok
test api::diagnostics::tests::test_explain_format_json_is_valid ... ok
test api::diagnostics::tests::test_explain_format_text_is_default ... ok
test api::diagnostics::tests::test_explain_format_unknown_is_rejected ... ok
test api::diagnostics::tests::test_migrate_report_is_read_only_diagnostic_for_schema_drift ... ok
test api::diagnostics::tests::test_migrate_report_marks_matching_versions_ok ... ok
test api::diagnostics::tests::test_migrate_report_requires_alter_for_older_sql ... ok
test api::diagnostics::tests::test_migrate_report_requires_restart_for_newer_sql ... ok
test api::diagnostics::tests::test_parse_duration_helpers_48s_schedule ... ok
test api::diagnostics::tests::test_parse_duration_helpers_96s_schedule ... ok
test api::diagnostics::tests::test_parse_duration_helpers_bare_integer ... ok
test api::diagnostics::tests::test_parse_duration_helpers_compound ... ok
test api::diagnostics::tests::test_parse_duration_helpers_compound_all_units ... ok
test api::diagnostics::tests::test_parse_duration_helpers_days ... ok
test api::diagnostics::tests::test_parse_duration_helpers_empty ... ok
test api::diagnostics::tests::test_parse_duration_helpers_hours ... ok
test api::diagnostics::tests::test_parse_duration_helpers_invalid_unit ... ok
test api::diagnostics::tests::test_parse_duration_helpers_large_value ... ok
test api::diagnostics::tests::test_parse_duration_helpers_minutes ... ok
test api::diagnostics::tests::test_parse_duration_helpers_negative ... ok
test api::diagnostics::tests::test_parse_duration_helpers_no_number_before_unit ... ok
test api::diagnostics::tests::test_parse_duration_helpers_seconds ... ok
test api::diagnostics::tests::test_parse_duration_helpers_weeks ... ok
test api::diagnostics::tests::test_parse_duration_helpers_whitespace_trim ... ok
test api::diagnostics::tests::test_parse_duration_helpers_zero ... ok
test api::diagnostics::tests::test_parse_duration_helpers_zero_seconds ... ok
test api::diagnostics::tests::test_tune_recommendations_only_keep_instance_safety_advice ... ok
test api::diagnostics::tests::test_version_is_not_placeholder ... ok
test api::diagnostics::tests::test_version_returns_cargo_version ... ok
test api::helpers::tests::test_cron_is_due_epoch_zero ... ok
test api::helpers::tests::test_cron_is_due_no_last_refresh ... ok
test api::helpers::tests::test_detect_select_star_after_multiline_modifiers ... ok
test api::helpers::tests::test_detect_select_star_bare ... ok
test api::helpers::tests::test_detect_select_star_count_star_ignored ... ok
test api::helpers::tests::test_detect_select_star_explicit_cols ... ok
test api::helpers::tests::test_detect_select_star_multiplication_ignored ... ok
test api::helpers::tests::test_detect_select_star_table_qualified ... ok
test api::helpers::tests::test_parse_schedule_cron_at_prefix ... ok
test api::helpers::tests::test_parse_schedule_cron_five_fields ... ok
test api::helpers::tests::test_parse_schedule_duration_hours ... ok
test api::helpers::tests::test_parse_schedule_duration_minutes ... ok
test api::helpers::tests::test_parse_schedule_duration_seconds ... ok
test api::helpers::tests::test_parse_schedule_empty_is_error ... ok
test api::helpers::tests::test_parse_schedule_invalid_cron ... ok
test api::helpers::tests::test_parse_schedule_invalid_duration ... ok
test api::helpers::tests::test_pqn_default_schema_for_single_part ... ok
test api::helpers::tests::test_pqn_schema_dot_table ... ok
test api::helpers::tests::test_pqn_two_parts_with_uppercase ... ok
test api::helpers::tests::test_qi_parses_doubled_quotes_and_unicode ... ok
test api::helpers::tests::test_qi_parses_quoted_dot_components ... ok
test api::helpers::tests::test_qi_preserves_semicolons_and_comment_markers ... ok
test api::helpers::tests::test_qi_rejects_empty_components ... ok
test api::helpers::tests::test_qi_rejects_multiple_top_level_dots ... ok
test api::helpers::tests::test_qi_rejects_nul_bytes ... ok
test api::helpers::tests::test_qi_rejects_unterminated_quotes ... ok
test api::helpers::tests::test_quote_ident_leading_digit_needs_quoting ... ok
test api::helpers::tests::test_quote_ident_simple_lowercase ... ok
test api::helpers::tests::test_quote_ident_underscore_prefix_ok ... ok
test api::helpers::tests::test_quote_ident_uppercase_needs_quoting ... ok
test api::helpers::tests::test_quote_identifier_lowercase_simple ... ok
test api::helpers::tests::test_quote_identifier_with_double_quote ... ok
test api::helpers::tests::test_quote_identifier_with_space ... ok
test api::helpers::tests::test_restore_stream_tables_fails_closed ... ok
test api::helpers::tests::test_statistical_auxiliary_ddl_uses_analyzed_type ... ok
test api::helpers::tests::test_statistical_auxiliary_products_cast_to_numeric ... ok
test api::helpers::tests::test_validate_cron_invalid_expression ... ok
test api::helpers::tests::test_validate_cron_valid_daily ... ok
test api::helpers::tests::test_validate_cron_valid_five_fields ... ok
test api::helpers::tests::test_volatile_case_insensitive ... ok
test api::helpers::tests::test_volatile_clock_timestamp_detected ... ok
test api::helpers::tests::test_volatile_current_timestamp_detected ... ok
test api::helpers::tests::test_volatile_gen_random_uuid_detected ... ok
test api::helpers::tests::test_volatile_none_for_stable_query ... ok
test api::helpers::tests::test_volatile_now_detected ... ok
test api::helpers::tests::test_volatile_random_detected ... ok
test api::helpers::tests::test_volatile_txid_current_detected ... ok
test api::helpers::tests::test_volatile_uuid_v4_detected ... ok
test api::integration::tests::graph_order_uses_sorted_ready_members ... ok
test api::integration::tests::mode_validation_is_case_insensitive_and_immediate_is_rejected ... ok
test api::integration::tests::test_external_graph_authorization_fails_closed ... ok
test api::integration::tests::test_external_orchestration_excludes_scheduler ... ok
test api::integration::tests::test_graph_contract_canonicalizes_closure_and_order ... ok
test api::integration::tests::test_integration_capabilities_reports_independent_capabilities ... ok
test api::integration::tests::test_stream_table_contract_is_deterministic ... ok
test api::metrics_ext::tests::test_compute_probe_avg_ms_fractional_result ... ok
test api::metrics_ext::tests::test_compute_probe_avg_ms_large_values ... ok
test api::metrics_ext::tests::test_compute_probe_avg_ms_multiple_calls ... ok
test api::metrics_ext::tests::test_compute_probe_avg_ms_single_call ... ok
test api::metrics_ext::tests::test_compute_probe_avg_ms_zero_calls_nonzero_total_returns_zero ... ok
test api::metrics_ext::tests::test_compute_probe_avg_ms_zero_calls_returns_zero ... ok
test api::outbox::tests::test_outbox_table_name_for_empty ... ok
test api::outbox::tests::test_outbox_table_name_for_exactly_56_char_input ... ok
test api::outbox::tests::test_outbox_table_name_for_simple ... ok
test api::outbox::tests::test_outbox_table_name_for_truncated_at_63_chars ... ok
test api::outbox::tests::test_outbox_table_name_for_unicode_chars ... ok
test api::outbox::tests::test_pg_tide_version_boundaries ... ok
test api::output_delta::tests::test_delta_batch_mode_fails_closed_when_capture_is_missing ... ok
test api::output_delta::tests::test_payload_name_is_oid_scoped ... ok
test api::planner::tests::test_parse_schedule_seconds_calculated ... ok
test api::planner::tests::test_parse_schedule_seconds_hours ... ok
test api::planner::tests::test_parse_schedule_seconds_minutes ... ok
test api::planner::tests::test_parse_schedule_seconds_none ... ok
test api::planner::tests::test_parse_schedule_seconds_numeric ... ok
test api::planner::tests::test_parse_schedule_seconds_seconds ... ok
test api::publication::tests::test_assign_tier_for_sla_cold ... ok
test api::publication::tests::test_assign_tier_for_sla_hot ... ok
test api::publication::tests::test_assign_tier_for_sla_warm ... ok
test api::publication::tests::test_assign_tier_sla_boundary_30000 ... ok
test api::publication::tests::test_assign_tier_sla_boundary_30001 ... ok
test api::publication::tests::test_assign_tier_sla_boundary_5000 ... ok
test api::publication::tests::test_assign_tier_sla_boundary_5001 ... ok
test api::publication::tests::test_assign_tier_sla_cold_100s ... ok
test api::publication::tests::test_assign_tier_sla_i64_max ... ok
test api::publication::tests::test_assign_tier_sla_negative ... ok
test api::publication::tests::test_assign_tier_sla_one_ms ... ok
test api::publication::tests::test_assign_tier_sla_very_large ... ok
test api::publication::tests::test_assign_tier_sla_warm_midpoint ... ok
test api::publication::tests::test_assign_tier_sla_zero ... ok
test api::publication::tests::test_parse_qualified_dots_in_schema ... ok
test api::publication::tests::test_parse_qualified_name_with_schema ... ok
test api::publication::tests::test_publication_binding_classifier_accepts_exact_binding ... ok
test api::publication::tests::test_publication_binding_classifier_compares_relations_as_sets ... ok
test api::publication::tests::test_publication_binding_classifier_has_deterministic_drift_priority ... ok
test api::publication::tests::test_publication_binding_classifier_private_completeness_and_name_reuse ... ok
test api::publication::tests::test_publication_name_is_bounded_and_utf8_safe ... ok
test api::publication::tests::test_quote_ident_backslash ... ok
test api::publication::tests::test_quote_ident_empty ... ok
test api::publication::tests::test_quote_ident_null_char ... ok
test api::publication::tests::test_quote_ident_qualified_basic ... ok
test api::publication::tests::test_quote_ident_qualified_empty_schema ... ok
test api::publication::tests::test_quote_ident_qualified_with_quotes ... ok
test api::publication::tests::test_quote_ident_simple ... ok
test api::publication::tests::test_quote_ident_spaces ... ok
test api::publication::tests::test_quote_ident_unicode ... ok
test api::publication::tests::test_quote_ident_with_quotes ... ok
test api::recovery::tests::failure_classes_fail_closed ... ok
test api::recovery::tests::status_order_is_stable ... ok
test api::release_096::tests::worker_admission_respects_cpu_and_postgres_bounds ... ok
test api::security_context::unit_tests::test_expand_user_absent_leaves_path_untouched ... ok
test api::security_context::unit_tests::test_expand_user_basic ... ok
test api::security_context::unit_tests::test_expand_user_comma_inside_quoted_identifier ... ok
test api::security_context::unit_tests::test_expand_user_empty_element_preserved ... ok
test api::security_context::unit_tests::test_expand_user_escaped_quote_inside_identifier ... ok
test api::security_context::unit_tests::test_expand_user_multiple_occurrences ... ok
test api::security_context::unit_tests::test_expand_user_quoted_dollar_user ... ok
test api::security_context::unit_tests::test_expand_user_quoted_role_name ... ok
test api::security_context::unit_tests::test_expand_user_role_name_needing_quote_escaping ... ok
test api::security_context::unit_tests::test_expand_user_whitespace_around_elements ... ok
test api::security_context::unit_tests::test_split_search_path_elements_single ... ok
test api::self_monitoring::tests::test_df_st_config_returns_valid_schedules ... ok
test api::self_monitoring::tests::test_df_st_query_returns_non_empty ... ok
test api::self_monitoring::tests::test_df_stream_tables_count ... ok
test api::self_monitoring::tests::test_efficiency_rolling_query_contains_nullif_guard ... ok
test api::self_monitoring::tests::test_efficiency_rolling_query_uses_exclusive_boundary ... ok
test api::self_monitoring::tests::test_node_color_logic ... ok
test api::self_monitoring::tests::test_render_dag_dot_basic ... ok
test api::self_monitoring::tests::test_render_dag_mermaid_basic ... ok
test api::self_monitoring::tests::test_threshold_advice_query_contains_clamp ... ok
test api::self_monitoring::tests::test_threshold_advice_query_contains_sla_headroom ... ok
test api::snapshot::tests::test_auto_snapshot_table_name_contains_st_name ... ok
test api::snapshot::tests::test_auto_snapshot_table_name_sanitizes_special_chars ... ok
test api::snapshot::tests::test_snapshot_provenance_comment_round_trip ... ok
test api::snapshot::tests::test_validate_snapshot_relation_binding_rejects_recreated_relation ... ok
test api::snapshot::tests::test_validate_snapshot_relation_binding_rejects_wrong_stream_provenance ... ok
test api::spec::tests::test_stream_table_spec_fields ... ok
test api::spec::tests::test_stream_table_spec_unknown_oid_returns_none_on_error ... ok
test api::tests::prop_cron_is_due_no_panic ... ok
test api::tests::prop_detect_select_star_false_without_star ... ok
test api::tests::prop_detect_select_star_no_panic ... ok
test api::tests::prop_find_top_level_keyword_no_panic ... ok
test api::tests::prop_find_top_level_keyword_pos_in_bounds ... ok
test api::tests::prop_split_top_level_commas_no_panic ... ok
test api::tests::prop_split_top_level_commas_nonempty_for_nonempty_input ... ok
test api::tests::test_bulk_create_impl_rejects_empty_array ... ok
test api::tests::test_bulk_create_impl_rejects_missing_name ... ok
test api::tests::test_bulk_create_impl_rejects_missing_query ... ok
test api::tests::test_bulk_create_impl_rejects_non_array ... ok
test api::tests::test_bulk_create_impl_rejects_non_object_element ... ok
test api::tests::test_canonicalize_bulk_stream_table_names_canonicalizes_public_schema ... ok
test api::tests::test_canonicalize_bulk_stream_table_names_rejects_duplicates ... ok
test api::tests::test_canonicalize_bulk_stream_table_names_rejects_empty ... ok
test api::tests::test_canonicalize_bulk_stream_table_names_rejects_null_entry ... ok
test api::tests::test_canonicalize_bulk_stream_table_names_rejects_over_limit ... ok
test api::tests::test_classify_cdc_refresh_mode_interaction_explicit_wal_immediate ... ok
test api::tests::test_classify_cdc_refresh_mode_interaction_global_wal_immediate ... ok
test api::tests::test_classify_cdc_refresh_mode_interaction_immediate_non_wal_is_none ... ok
test api::tests::test_classify_cdc_refresh_mode_interaction_non_immediate_is_none ... ok
test api::tests::test_config_diff_all_identical ... ok
test api::tests::test_config_diff_append_only_changed ... ok
test api::tests::test_config_diff_auto_vs_differential ... ok
test api::tests::test_config_diff_calculated_already_calculated ... ok
test api::tests::test_config_diff_cdc_mode_both_none ... ok
test api::tests::test_config_diff_cdc_mode_changed ... ok
test api::tests::test_config_diff_diamond_consistency_changed ... ok
test api::tests::test_config_diff_mode_changed ... ok
test api::tests::test_config_diff_schedule_changed ... ok
test api::tests::test_config_diff_schedule_to_calculated ... ok
test api::tests::test_cron_is_due_every_minute_recently_refreshed ... ok
test api::tests::test_cron_is_due_invalid_expr_returns_false ... ok
test api::tests::test_cron_is_due_long_ago_refresh ... ok
test api::tests::test_cron_is_due_no_previous_refresh ... ok
test api::tests::test_cron_is_due_recently_refreshed ... ok
test api::tests::test_cron_is_due_with_alias ... ok
test api::tests::test_cron_is_due_yearly_recently_refreshed ... ok
test api::tests::test_detect_and_strip_distinct_basic ... ok
test api::tests::test_detect_and_strip_distinct_none_for_non_distinct ... ok
test api::tests::test_detect_select_star_bare ... ok
test api::tests::test_detect_select_star_case_insensitive ... ok
test api::tests::test_detect_select_star_count_star_not_flagged ... ok
test api::tests::test_detect_select_star_explicit_columns_no_star ... ok
test api::tests::test_detect_select_star_mixed_agg_and_bare_star ... ok
test api::tests::test_detect_select_star_no_asterisk_at_all ... ok
test api::tests::test_detect_select_star_no_from ... ok
test api::tests::test_detect_select_star_subquery_star_ignored ... ok
test api::tests::test_detect_select_star_sum_star_not_flagged ... ok
test api::tests::test_detect_select_star_table_qualified ... ok
test api::tests::test_find_top_level_keyword_basic ... ok
test api::tests::test_find_top_level_keyword_case_insensitive ... ok
test api::tests::test_find_top_level_keyword_inside_parens_ignored ... ok
test api::tests::test_find_top_level_keyword_inside_string_ignored ... ok
test api::tests::test_find_top_level_keyword_not_found ... ok
test api::tests::test_find_top_level_keyword_word_boundary ... ok
test api::tests::test_get_data_timestamp_str_reasonable_epoch ... ok
test api::tests::test_get_data_timestamp_str_suffix ... ok
test api::tests::test_inject_pgt_count_aggregate_no_distinct ... ok
test api::tests::test_inject_pgt_count_distinct_basic ... ok
test api::tests::test_inject_pgt_count_distinct_lowercase ... ok
test api::tests::test_inject_pgt_count_distinct_three_cols ... ok
test api::tests::test_inject_pgt_count_distinct_with_aliases ... ok
test api::tests::test_inject_pgt_count_distinct_with_where ... ok
test api::tests::test_normalize_whitespace_collapses_spaces ... ok
test api::tests::test_normalize_whitespace_identical ... ok
test api::tests::test_normalize_whitespace_tabs_and_newlines ... ok
test api::tests::test_normalize_whitespace_trims ... ok
test api::tests::test_parse_bulk_alter_stream_table_params_accepts_alias ... ok
test api::tests::test_parse_bulk_alter_stream_table_params_rejects_empty_object ... ok
test api::tests::test_parse_bulk_alter_stream_table_params_rejects_non_object ... ok
test api::tests::test_parse_bulk_alter_stream_table_params_rejects_null_field ... ok
test api::tests::test_parse_bulk_alter_stream_table_params_rejects_unknown_field ... ok
test api::tests::test_parse_bulk_alter_stream_table_params_rejects_wrong_type ... ok
test api::tests::test_parse_duration_bare_integer ... ok
test api::tests::test_parse_duration_compound ... ok
test api::tests::test_parse_duration_days ... ok
test api::tests::test_parse_duration_empty_fails ... ok
test api::tests::test_parse_duration_hours ... ok
test api::tests::test_parse_duration_invalid_unit_fails ... ok
test api::tests::test_parse_duration_large_compound ... ok
test api::tests::test_parse_duration_large_numbers ... ok
test api::tests::test_parse_duration_minutes ... ok
test api::tests::test_parse_duration_mixed_invalid_char_fails ... ok
test api::tests::test_parse_duration_negative_bare_fails ... ok
test api::tests::test_parse_duration_no_number_before_unit_fails ... ok
test api::tests::test_parse_duration_only_hours_and_seconds ... ok
test api::tests::test_parse_duration_repeated_units ... ok
test api::tests::test_parse_duration_seconds ... ok
test api::tests::test_parse_duration_single_digit_units ... ok
test api::tests::test_parse_duration_trailing_digits_fails ... ok
test api::tests::test_parse_duration_weeks ... ok
test api::tests::test_parse_duration_whitespace_trimmed ... ok
test api::tests::test_parse_duration_zero ... ok
test api::tests::test_parse_hash_modulus_default ... ok
test api::tests::test_parse_hash_modulus_explicit ... ok
test api::tests::test_parse_hash_modulus_large ... ok
test api::tests::test_parse_hash_modulus_list_returns_none ... ok
test api::tests::test_parse_hash_modulus_min_value ... ok
test api::tests::test_parse_hash_modulus_non_hash_returns_none ... ok
test api::tests::test_parse_partition_key_columns_with_hash_modulus ... ok
test api::tests::test_parse_partition_key_columns_with_hash_prefix ... ok
test api::tests::test_parse_partition_key_columns_with_list_prefix ... ok
test api::tests::test_parse_partition_key_empty_string ... ok
test api::tests::test_parse_partition_key_single_column ... ok
test api::tests::test_parse_partition_key_trailing_comma ... ok
test api::tests::test_parse_partition_key_two_columns ... ok
test api::tests::test_parse_partition_key_whitespace_handling ... ok
test api::tests::test_parse_partition_method_hash_lower ... ok
test api::tests::test_parse_partition_method_hash_mixed_case ... ok
test api::tests::test_parse_partition_method_hash_upper ... ok
test api::tests::test_parse_partition_method_hash_with_modulus ... ok
test api::tests::test_parse_partition_method_list_lower ... ok
test api::tests::test_parse_partition_method_list_mixed_case ... ok
test api::tests::test_parse_partition_method_list_upper ... ok
test api::tests::test_parse_partition_method_range_default ... ok
test api::tests::test_parse_partition_method_range_multi ... ok
test api::tests::test_parse_schedule_cron_annually_alias ... ok
test api::tests::test_parse_schedule_cron_comma_list ... ok
test api::tests::test_parse_schedule_cron_daily_alias ... ok
test api::tests::test_parse_schedule_cron_every_5_min ... ok
test api::tests::test_parse_schedule_cron_hourly_alias ... ok
test api::tests::test_parse_schedule_cron_monthly_alias ... ok
test api::tests::test_parse_schedule_cron_six_field ... ok
test api::tests::test_parse_schedule_cron_specific_time ... ok
test api::tests::test_parse_schedule_cron_weekly_alias ... ok
test api::tests::test_parse_schedule_cron_with_ranges_and_steps ... ok
test api::tests::test_parse_schedule_cron_yearly_alias ... ok
test api::tests::test_parse_schedule_empty_fails ... ok
test api::tests::test_parse_schedule_invalid_cron ... ok
test api::tests::test_parse_schedule_invalid_cron_bad_field_count ... ok
test api::tests::test_parse_schedule_invalid_cron_bad_range ... ok
test api::tests::test_parse_schedule_invalid_duration ... ok
test api::tests::test_parse_schedule_whitespace_trimmed ... ok
test api::tests::test_quote_identifier_reserved_word ... ok
test api::tests::test_quote_identifier_simple ... ok
test api::tests::test_quote_identifier_with_double_quotes ... ok
test api::tests::test_split_top_level_commas ... ok
test api::tests::test_split_top_level_commas_empty_input ... ok
test api::tests::test_split_top_level_commas_nested_function ... ok
test api::tests::test_split_top_level_commas_quoted_string_with_comma ... ok
test api::tests::test_split_top_level_commas_single_column ... ok
test api::tests::test_split_top_level_commas_with_parens ... ok
test api::tests::test_strip_partition_mode_prefix_hash ... ok
test api::tests::test_strip_partition_mode_prefix_hash_lower ... ok
test api::tests::test_strip_partition_mode_prefix_hash_with_modulus ... ok
test api::tests::test_strip_partition_mode_prefix_hash_with_modulus_256 ... ok
test api::tests::test_strip_partition_mode_prefix_list ... ok
test api::tests::test_strip_partition_mode_prefix_list_lower ... ok
test api::tests::test_strip_partition_mode_prefix_mixed_case ... ok
test api::tests::test_strip_partition_mode_prefix_none ... ok
test api::tests::test_v104_capability_admission ... ok
test api::tests::test_validate_cron_aliases ... ok
test api::tests::test_validate_cron_aliases_exhaustive ... ok
test api::tests::test_validate_cron_invalid ... ok
test api::tests::test_validate_cron_out_of_range ... ok
test api::tests::test_validate_cron_ranges_and_lists ... ok
test api::tests::test_validate_cron_standard_expressions ... ok
test api::tests::test_validate_cron_too_few_fields ... ok
test api::tests::test_validate_partition_key_hash_missing_column ... ok
test api::tests::test_validate_partition_key_hash_modulus_too_high ... ok
test api::tests::test_validate_partition_key_hash_modulus_too_low ... ok
test api::tests::test_validate_partition_key_hash_multi_column_rejected ... ok
test api::tests::test_validate_partition_key_hash_single_column_ok ... ok
test api::tests::test_validate_partition_key_hash_with_modulus_ok ... ok
test api::tests::test_validate_partition_key_list_missing_column ... ok
test api::tests::test_validate_partition_key_list_multi_column_rejected ... ok
test api::tests::test_validate_partition_key_list_single_column_ok ... ok
test api::tests::test_validate_partition_key_multi_column_one_missing ... ok
test api::tests::test_validate_partition_key_multi_column_valid ... ok
test api::validation::tests::bounds_blocking_timeouts ... ok
test api::validation::tests::checks_integer_ranges ... ok
test api::validation::tests::rejects_cardinality_before_work ... ok
test api::validation::tests::validates_fraction_boundaries ... ok
test catalog::domain_type_tests::test_pgt_id_roundtrip ... ok
test catalog::domain_type_tests::test_stream_table_oid_roundtrip ... ok
test catalog::tests::test_cdc_mode_as_str ... ok
test catalog::tests::test_cdc_mode_clone_copy ... ok
test catalog::tests::test_cdc_mode_display ... ok
test catalog::tests::test_cdc_mode_equality ... ok
test catalog::tests::test_cdc_mode_from_str_case_insensitive ... ok
test catalog::tests::test_cdc_mode_from_str_unknown_defaults_to_trigger ... ok
test catalog::tests::test_cdc_mode_from_str_valid ... ok
test catalog::tests::test_cdc_mode_roundtrip ... ok
test catalog::tests::test_dur1_dead_functions_removed ... ok
test catalog::tests::test_frontier_default_is_empty ... ok
test catalog::tests::test_frontier_serialization_roundtrip ... ok
test catalog::tests::test_frontier_with_entry_is_not_empty ... ok
test catalog::tests::test_job_status_as_str ... ok
test catalog::tests::test_job_status_display ... ok
test catalog::tests::test_job_status_from_str_unknown_defaults_to_cancelled ... ok
test catalog::tests::test_job_status_from_str_valid ... ok
test catalog::tests::test_job_status_is_terminal ... ok
test catalog::tests::test_job_status_roundtrip ... ok
test cdc::buffer::tests::test_buffer_base_name_for_oid ... ok
test cdc::buffer::tests::test_buffer_name_for_oid_fallback_max ... ok
test cdc::buffer::tests::test_buffer_name_for_oid_fallback_zero ... ok
test cdc::partition::tests::test_promote_above_threshold_off_mode ... ok
test cdc::partition::tests::test_promote_above_threshold_on_mode ... ok
test cdc::partition::tests::test_promote_at_threshold_returns_false ... ok
test cdc::partition::tests::test_promote_below_threshold_returns_false ... ok
test cdc::partition::tests::test_promote_negative_pending_returns_false ... ok
test cdc::partition::tests::test_promote_negative_threshold_returns_false ... ok
test cdc::partition::tests::test_promote_zero_pending_returns_false ... ok
test cdc::partition::tests::test_promote_zero_threshold_returns_false ... ok
test cdc::partition::tests::test_should_promote_to_partitioned_false_for_regular ... ok
test cdc::partition::tests::test_should_promote_to_partitioned_true_for_partitioned ... ok
test cdc::polling::tests::test_pk_hash_column_with_double_quotes ... ok
test cdc::polling::tests::test_pk_hash_multi_column ... ok
test cdc::polling::tests::test_pk_hash_single_column ... ok
test cdc::polling::tests::test_pk_hash_three_columns ... ok
test cdc::rebuild::tests::test_cdc_mode_auto_allows_logical ... ok
test cdc::rebuild::tests::test_cdc_mode_trigger_disallows_logical ... ok
test cdc::rebuild::tests::test_cdc_mode_wal_allows_logical ... ok
test cdc::rebuild::tests::test_replica_identity_default_sufficient ... ok
test cdc::rebuild::tests::test_replica_identity_full_sufficient ... ok
test cdc::rebuild::tests::test_replica_identity_index_insufficient ... ok
test cdc::rebuild::tests::test_replica_identity_nothing_insufficient ... ok
test cdc::rebuild::tests::test_trigger_name_for_oid_u32_basic ... ok
test cdc::rebuild::tests::test_trigger_name_for_oid_u32_max ... ok
test cdc::rebuild::tests::test_trigger_name_for_oid_u32_zero ... ok
test cdc::tests::test_bitmask_63_cols_is_ok ... ok
test cdc::tests::test_bitmask_none_when_empty_pk ... ok
test cdc::tests::test_bitmask_quotes_column_names ... ok
test cdc::tests::test_bitmask_single_non_pk_col ... ok
test cdc::tests::test_bitmask_uses_varbit_concatenation ... ok
test cdc::tests::test_bitmask_wide_table_64plus_cols_is_ok ... ok
test cdc::tests::test_build_pk_hash_composite_key ... ok
test cdc::tests::test_build_pk_hash_empty_pk_falls_back_to_all_columns ... ok
test cdc::tests::test_build_pk_hash_empty_pk_single_all_column ... ok
test cdc::tests::test_build_pk_hash_single_column ... ok
test cdc::tests::test_build_pk_hash_special_chars ... ok
test cdc::tests::test_build_st_compact_sql_contains_table_name ... ok
test cdc::tests::test_build_st_compact_sql_partitions_by_pk_hash ... ok
test cdc::tests::test_build_st_compact_sql_removes_intermediates ... ok
test cdc::tests::test_build_st_compact_sql_removes_net_zero_groups ... ok
test cdc::tests::test_build_st_compact_sql_uses_lsn_range ... ok
test cdc::tests::test_build_st_compact_sql_uses_schema ... ok
test cdc::tests::test_cb_col_name_reserved_names ... ok
test cdc::tests::test_classify_holdback_first_tick_with_active_txn_holds ... ok
test cdc::tests::test_classify_holdback_no_active_txns_never_holds ... ok
test cdc::tests::test_classify_holdback_same_xmin_holds ... ok
test cdc::tests::test_classify_holdback_xmin_advanced_safe ... ok
test cdc::tests::test_classify_holdback_xmin_retreated_holds ... ok
test cdc::tests::test_compact_st_advisory_lock_key_different_from_base_table ... ok
test cdc::tests::test_compact_st_advisory_lock_key_different_pgt_ids_differ ... ok
test cdc::tests::test_compact_st_advisory_lock_key_embeds_pgt_id ... ok
test cdc::tests::test_f15_filter_empty_referenced_keeps_all ... ok
test cdc::tests::test_f15_filter_fallback_when_filtered_set_empty ... ok
test cdc::tests::test_f15_filter_none_referenced_keeps_all ... ok
test cdc::tests::test_f15_filter_preserves_identifier_case ... ok
test cdc::tests::test_f15_filter_preserves_ordinal_order ... ok
test cdc::tests::test_f15_filter_preserves_quoted_identifier_case ... ok
test cdc::tests::test_f15_filter_restricts_to_referenced_plus_pk ... ok
test cdc::tests::test_inactive_trigger_bodies_are_write_free ... ok
test cdc::tests::test_parse_empty_string ... ok
test cdc::tests::test_parse_no_match ... ok
test cdc::tests::test_parse_only_from_no_to ... ok
test cdc::tests::test_parse_realistic_lsn_bounds ... ok
test cdc::tests::test_parse_valid_range ... ok
test cdc::tests::test_pk_join_composite_key ... ok
test cdc::tests::test_pk_join_empty_returns_true ... ok
test cdc::tests::test_pk_join_single_column_uses_equality ... ok
test cdc::tests::test_promote_above_threshold_auto_mode ... ok
test cdc::tests::test_promote_above_threshold_off_mode ... ok
test cdc::tests::test_promote_above_threshold_on_mode ... ok
test cdc::tests::test_promote_already_partitioned_returns_false ... ok
test cdc::tests::test_promote_at_threshold_returns_false ... ok
test cdc::tests::test_promote_below_threshold_returns_false ... ok
test cdc::tests::test_promote_negative_pending_returns_false ... ok
test cdc::tests::test_promote_negative_threshold_returns_false ... ok
test cdc::tests::test_promote_zero_pending_returns_false ... ok
test cdc::tests::test_promote_zero_threshold_returns_false ... ok
test cdc::tests::test_statement_update_capture_uses_one_full_join ... ok
test cdc::tests::test_trigger_name_for_source_basic ... ok
test cdc::tests::test_trigger_name_for_source_large_oid ... ok
test cdc::tests::test_trigger_name_for_source_zero ... ok
test cdc::tests::test_typed_col_defs_basic ... ok
test cdc::tests::test_typed_col_defs_empty ... ok
test cdc::tests::test_typed_col_defs_preserves_type ... ok
test cdc::tests::test_typed_col_defs_quotes_special_chars ... ok
test cdc::tests::test_typed_col_defs_reserved_name_prefixed ... ok
test cdc::tests::writer_fences_allow_progress_after_writer_disappears ... ok
test cdc::tests::writer_fences_fence_replacement_at_previous_candidate ... ok
test cdc::tests::writer_fences_hold_first_unknown_writer ... ok
test cdc::triggers::tests::test_build_changed_cols_bitmask_expr_empty ... ok
test cdc::triggers::tests::test_build_changed_cols_bitmask_expr_pgvector_casts_to_text ... ok
test cdc::triggers::tests::test_build_changed_cols_bitmask_expr_single_col ... ok
test cdc::triggers::tests::test_cb_col_name_escapes_reserved_pgt_prefix ... ok
test cdc::triggers::tests::test_cb_col_name_passes_through_normal_name ... ok
test citus::tests::test_source_identifier_from_name ... ok
test citus::tests::test_source_identifier_oid_independent ... ok
test citus::tests::test_stable_hash_known_vectors ... ok
test citus::tests::test_stable_hash_pinned_vector ... ok
test citus::tests::test_topology_both_empty ... ok
test citus::tests::test_topology_empty_recorded_live_workers ... ok
test citus::tests::test_topology_no_change ... ok
test citus::tests::test_topology_port_change ... ok
test citus::tests::test_topology_worker_added ... ok
test citus::tests::test_topology_worker_removed ... ok
test citus::tests::test_vp_promoted_payload_parses_defaults_and_numeric_strings ... ok
test config::memory::tests::budget_clamps_and_composes_stricter_overrides ... ok
test config::memory::tests::budget_has_all_five_shares ... ok
test config::tests::test_cdc_trigger_mode_as_str ... ok
test config::tests::test_columnar_backend_as_str ... ok
test config::tests::test_columnar_backend_is_append_only ... ok
test config::tests::test_diff_output_format_as_str ... ok
test config::tests::test_log_format_as_str ... ok
test config::tests::test_merge_join_strategy_as_str ... ok
test config::tests::test_normalize_cdc_trigger_mode_accepts_row_case_insensitively ... ok
test config::tests::test_normalize_cdc_trigger_mode_defaults_to_statement ... ok
test config::tests::test_normalize_cdc_trigger_mode_roundtrip_via_as_str ... ok
test config::tests::test_normalize_columnar_backend_all_variants ... ok
test config::tests::test_normalize_columnar_backend_defaults_to_none ... ok
test config::tests::test_normalize_diff_output_format_accepts_merged ... ok
test config::tests::test_normalize_diff_output_format_defaults_to_split ... ok
test config::tests::test_normalize_diff_output_format_roundtrip ... ok
test config::tests::test_normalize_frontier_holdback_mode_defaults_to_xmin ... ok
test config::tests::test_normalize_frontier_holdback_mode_lsn_bytes ... ok
test config::tests::test_normalize_frontier_holdback_mode_none ... ok
test config::tests::test_normalize_log_format_accepts_json ... ok
test config::tests::test_normalize_log_format_defaults_to_text ... ok
test config::tests::test_normalize_merge_join_strategy_all_variants ... ok
test config::tests::test_normalize_merge_join_strategy_defaults_to_auto ... ok
test config::tests::test_normalize_merge_join_strategy_roundtrip_via_as_str ... ok
test config::tests::test_normalize_merge_strategy_all_variants ... ok
test config::tests::test_normalize_merge_strategy_defaults_to_auto ... ok
test config::tests::test_normalize_merge_strategy_roundtrip_via_as_str ... ok
test config::tests::test_normalize_parallel_refresh_mode_accepts_supported_values ... ok
test config::tests::test_normalize_parallel_refresh_mode_case_insensitive_on ... ok
test config::tests::test_normalize_parallel_refresh_mode_defaults_to_on ... ok
test config::tests::test_normalize_recursive_max_depth_zero_disables_guard ... ok
test config::tests::test_normalize_refresh_strategy_all_variants ... ok
test config::tests::test_normalize_refresh_strategy_defaults_to_auto ... ok
test config::tests::test_normalize_refresh_strategy_roundtrip_via_as_str ... ok
test config::tests::test_normalize_self_monitoring_auto_apply_all_variants ... ok
test config::tests::test_normalize_self_monitoring_auto_apply_defaults_to_off ... ok
test config::tests::test_normalize_self_monitoring_auto_apply_roundtrip ... ok
test config::tests::test_normalize_user_triggers_mode_accepts_off_case_insensitively ... ok
test config::tests::test_normalize_user_triggers_mode_defaults_to_auto ... ok
test config::tests::test_normalize_user_triggers_mode_roundtrip_via_as_str ... ok
test config::tests::test_normalize_volatile_function_policy_accepts_warn_and_allow ... ok
test config::tests::test_normalize_volatile_function_policy_defaults_to_reject ... ok
test config::tests::test_normalize_volatile_function_policy_roundtrip_via_as_str ... ok
test config::tests::test_parallel_refresh_mode_as_str_all_variants ... ok
test config::tests::test_parallel_refresh_mode_display_matches_as_str ... ok
test config::tests::test_refresh_strategy_as_str ... ok
test config::tests::test_self_monitoring_auto_apply_as_str ... ok
test config::tests::test_threshold_mb_to_bytes_converts_megabytes ... ok
test config::tests::test_threshold_mb_to_bytes_negative_input_is_zero_or_negative ... ok
test config::tests::test_user_triggers_mode_as_str ... ok
test config::tests::test_volatile_function_policy_as_str ... ok
test dag::tests::proptest_dag::prop_acyclic_chain_detect_cycles_ok ... ok
test dag::tests::proptest_dag::prop_chain_with_back_edge_is_cyclic ... ok
test dag::tests::proptest_dag::prop_single_back_edge_always_creates_cycle ... ok
test dag::tests::proptest_dag::prop_topological_order_respects_edges ... ok
test dag::tests::test_calculated_schedule_no_dependents_uses_fallback ... ok
test dag::tests::test_calculated_schedule_resolution ... ok
test dag::tests::test_condensation_order_is_topological ... ok
test dag::tests::test_consistency_group_epoch_advance ... ok
test dag::tests::test_consistency_group_is_singleton ... ok
test dag::tests::test_cycle_detection_detects_cycle ... ok
test dag::tests::test_cycle_detection_error_message_contains_node_names ... ok
test dag::tests::test_cycle_detection_three_node_cycle ... ok
test dag::tests::test_default_trait_for_st_dag ... ok
test dag::tests::test_detect_diamonds_deep ... ok
test dag::tests::test_detect_diamonds_multiple_roots_no_diamond ... ok
test dag::tests::test_detect_diamonds_none_linear ... ok
test dag::tests::test_detect_diamonds_overlapping ... ok
test dag::tests::test_detect_diamonds_simple ... ok
test dag::tests::test_diamond_consistency_as_str ... ok
test dag::tests::test_diamond_consistency_display ... ok
test dag::tests::test_diamond_consistency_from_sql_str ... ok
test dag::tests::test_diamond_consistency_roundtrip ... ok
test dag::tests::test_diamond_dependency_pattern ... ok
test dag::tests::test_diamond_schedule_policy_as_str ... ok
test dag::tests::test_diamond_schedule_policy_default ... ok
test dag::tests::test_diamond_schedule_policy_display ... ok
test dag::tests::test_diamond_schedule_policy_from_str ... ok
test dag::tests::test_diamond_schedule_policy_roundtrip ... ok
test dag::tests::test_diamond_schedule_policy_stricter ... ok
test dag::tests::test_downstream_schedule_multiple_downstream_uses_minimum ... ok
test dag::tests::test_empty_dag ... ok
test dag::tests::test_eu_dag_diamond_atomic_group ... ok
test dag::tests::test_eu_dag_dry_run_log ... ok
test dag::tests::test_eu_dag_empty ... ok
test dag::tests::test_eu_dag_immediate_closure_collapse ... ok
test dag::tests::test_eu_dag_independent_singletons ... ok
test dag::tests::test_eu_dag_mixed_immediate_and_independent ... ok
test dag::tests::test_eu_dag_singleton_chain ... ok
test dag::tests::test_eu_dag_summary_format ... ok
test dag::tests::test_eu_dag_topological_levels_simple ... ok
test dag::tests::test_execution_unit_id_display ... ok
test dag::tests::test_execution_unit_kind_display ... ok
test dag::tests::test_explicit_schedule_overrides_downstream_resolution ... ok
test dag::tests::test_find_fusable_chains_fan_out_not_eligible ... ok
test dag::tests::test_find_fusable_chains_independent_singletons ... ok
test dag::tests::test_find_fusable_chains_non_differential_not_eligible ... ok
test dag::tests::test_find_fusable_chains_simple_pair ... ok
test dag::tests::test_find_fusable_chains_triple ... ok
test dag::tests::test_fused_chain_kind_as_str ... ok
test dag::tests::test_fused_chain_preserves_external_edges ... ok
test dag::tests::test_fused_chain_stable_key ... ok
test dag::tests::test_fused_chain_summary_includes_count ... ok
test dag::tests::test_fused_chain_topological_order ... ok
test dag::tests::test_get_all_st_nodes ... ok
test dag::tests::test_get_upstream_and_downstream ... ok
test dag::tests::test_groups_independent_diamonds ... ok
test dag::tests::test_groups_nested_merge ... ok
test dag::tests::test_groups_simple_diamond ... ok
test dag::tests::test_groups_singleton_non_diamond ... ok
test dag::tests::test_is_calculated_unit_helper ... ok
test dag::tests::test_no_cycle_in_valid_dag ... ok
test dag::tests::test_node_id_equality_and_hashing ... ok
test dag::tests::test_node_name_for_known_and_unknown_nodes ... ok
test dag::tests::test_node_name_unknown_base_table ... ok
test dag::tests::test_node_name_unknown_stream_table ... ok
test dag::tests::test_pgt_status_as_str_and_from_str_roundtrip ... ok
test dag::tests::test_pgt_status_from_str_unknown_returns_error ... ok
test dag::tests::test_refresh_mode_as_str_and_from_str_roundtrip ... ok
test dag::tests::test_refresh_mode_auto_resolves_to_differential ... ok
test dag::tests::test_refresh_mode_from_str_case_insensitive ... ok
test dag::tests::test_refresh_mode_from_str_unknown_returns_error ... ok
test dag::tests::test_refresh_mode_immediate_helpers ... ok
test dag::tests::test_refresh_mode_is_auto_str ... ok
test dag::tests::test_remove_and_readd_st_node ... ok
test dag::tests::test_remove_st_node_basic ... ok
test dag::tests::test_remove_st_node_cleans_reverse_edges ... ok
test dag::tests::test_remove_st_node_nonexistent_is_noop ... ok
test dag::tests::test_resolve_downstream_schedule_chain_three_levels ... ok
test dag::tests::test_scc_cycle_with_tail ... ok
test dag::tests::test_scc_empty_dag ... ok
test dag::tests::test_scc_mixed ... ok
test dag::tests::test_scc_no_cycles ... ok
test dag::tests::test_scc_self_loop ... ok
test dag::tests::test_scc_simple_cycle ... ok
test dag::tests::test_scc_three_node_cycle ... ok
test dag::tests::test_single_node_no_edges ... ok
test dag::tests::test_stable_key_atomic_group ... ok
test dag::tests::test_stable_key_deterministic ... ok
test dag::tests::test_stable_key_immediate_closure ... ok
test dag::tests::test_stable_key_singleton ... ok
test dag::tests::test_topo_cache_invalidated_on_add_edge ... ok
test dag::tests::test_topo_cache_invalidated_on_add_node ... ok
test dag::tests::test_topo_cache_invalidated_on_remove ... ok
test dag::tests::test_topo_cache_populated_after_first_call ... ok
test dag::tests::test_topological_levels_diamond ... ok
test dag::tests::test_topological_levels_empty ... ok
test dag::tests::test_topological_levels_linear_chain ... ok
test dag::tests::test_topological_levels_wide_fan_out ... ok
test dag::tests::test_topological_order_excludes_base_tables ... ok
test dag::tests::test_topological_sort_simple_chain ... ok
test diagnostics::tests::test_classify_error_correctness_phantom ... ok
test diagnostics::tests::test_classify_error_infrastructure_default ... ok
test diagnostics::tests::test_classify_error_infrastructure_permission ... ok
test diagnostics::tests::test_classify_error_is_case_insensitive ... ok
test diagnostics::tests::test_classify_error_performance_lock_timeout ... ok
test diagnostics::tests::test_classify_error_schema_changed ... ok
test diagnostics::tests::test_classify_error_user_unsupported ... ok
test diagnostics::tests::test_composite_all_favor_diff ... ok
test diagnostics::tests::test_composite_all_favor_full ... ok
test diagnostics::tests::test_composite_dead_zone_returns_keep ... ok
test diagnostics::tests::test_compute_recommendation_already_on_correct_mode ... ok
test diagnostics::tests::test_confidence_low_with_no_data ... ok
test diagnostics::tests::test_confidence_medium_with_sparse_history ... ok
test diagnostics::tests::test_format_bytes ... ok
test diagnostics::tests::test_keep_when_already_optimal ... ok
test diagnostics::tests::test_score_change_ratio_boundaries ... ok
test diagnostics::tests::test_score_empirical_timing_boundaries ... ok
test diagnostics::tests::test_score_index_coverage ... ok
test diagnostics::tests::test_score_latency_variance ... ok
test diagnostics::tests::test_score_query_complexity_levels ... ok
test diagnostics::tests::test_score_target_size_range ... ok
test diagnostics::tests::test_window_runtime_evidence_distinguishes_partition_recompute ... ok
test diagnostics::tests::test_window_strategy_state_requirement_is_closed ... ok
test diagnostics::tests::test_window_strategy_summary_includes_static_fallback ... ok
test dvm::diff::proptests::prop_col_list_comma_count ... ok
test dvm::diff::proptests::prop_prefixed_col_list_contains_all_columns ... ok
test dvm::diff::proptests::prop_quote_ident_always_double_quoted ... ok
test dvm::diff::proptests::prop_quote_ident_doubles_embedded_quotes ... ok
test dvm::diff::tests::test_build_with_query_multiple_ctes ... ok
test dvm::diff::tests::test_build_with_query_no_ctes ... ok
test dvm::diff::tests::test_build_with_query_single_cte ... ok
test dvm::diff::tests::test_change_table_prefers_owner_stage ... ok
test dvm::diff::tests::test_col_list_empty ... ok
test dvm::diff::tests::test_col_list_multiple ... ok
test dvm::diff::tests::test_col_list_single ... ok
test dvm::diff::tests::test_col_list_with_special_chars ... ok
test dvm::diff::tests::test_cte_delta_cache_set_and_get ... ok
test dvm::diff::tests::test_decision_trace_records_declared_schema_and_snapshot_plan ... ok
test dvm::diff::tests::test_diff_context_defaults ... ok
test dvm::diff::tests::test_diff_context_preserves_frontiers ... ok
test dvm::diff::tests::test_diff_depth_restored_after_limit_error ... ok
test dvm::diff::tests::test_diff_node_filter_dispatches ... ok
test dvm::diff::tests::test_diff_node_recursive_self_ref_errors ... ok
test dvm::diff::tests::test_diff_node_scan_produces_result ... ok
test dvm::diff::tests::test_differentiate_filter_over_scan ... ok
test dvm::diff::tests::test_differentiate_project_over_scan ... ok
test dvm::diff::tests::test_differentiate_simple_scan ... ok
test dvm::diff::tests::test_get_lsn_placeholder_vs_literal ... ok
test dvm::diff::tests::test_get_or_register_snapshot_cte_structurally_distinct_ops ... ok
test dvm::diff::tests::test_mix_recursive_and_non_recursive_ctes ... ok
test dvm::diff::tests::test_next_cte_name_all_unique ... ok
test dvm::diff::tests::test_next_cte_name_sequential ... ok
test dvm::diff::tests::test_prefixed_col_list_empty ... ok
test dvm::diff::tests::test_prefixed_col_list_multiple ... ok
test dvm::diff::tests::test_prefixed_col_list_single ... ok
test dvm::diff::tests::test_quote_ident_already_quoted_content ... ok
test dvm::diff::tests::test_quote_ident_empty ... ok
test dvm::diff::tests::test_quote_ident_simple ... ok
test dvm::diff::tests::test_quote_ident_with_embedded_quotes ... ok
test dvm::diff::tests::test_quote_ident_with_spaces ... ok
test dvm::diff::tests::test_recursive_cte_uses_with_recursive ... ok
test dvm::diff::tests::test_snapshot_cache_key_different_depth_distinct_keys ... ok
test dvm::diff::tests::test_snapshot_cache_key_different_join_condition_distinct_keys ... ok
test dvm::diff::tests::test_snapshot_cache_key_different_join_type_distinct_keys ... ok
test dvm::diff::tests::test_snapshot_cache_key_identical_subtrees_equal_keys ... ok
test dvm::diff::tests::test_snapshot_cache_key_same_alias_different_oid_distinct_keys ... ok
test dvm::diff::tests::test_snapshot_cte_cache_different_ops_get_different_names ... ok
test dvm::diff::tests::test_snapshot_cte_cache_returns_same_name_on_second_call ... ok
test dvm::diff::tests::test_snapshot_cte_is_registered_not_materialized ... ok
test dvm::diff::tests::test_with_cte_registry ... ok
test dvm::diff::tests::test_with_defining_query_stores_text ... ok
test dvm::diff::tests::test_with_pgt_name_escapes_quotes ... ok
test dvm::diff::tests::test_with_pgt_name_sets_qualified_name ... ok
test dvm::diff::tests::test_with_placeholders_enables_flag ... ok
test dvm::operators::aggregate::tests::test_a2_p5_all_keys_no_value_only ... ok
test dvm::operators::aggregate::tests::test_a2_p5_no_value_only_without_key_columns ... ok
test dvm::operators::aggregate::tests::test_a2_p5_value_only_generates_v_row ... ok
test dvm::operators::aggregate::tests::test_a44_2_extract_case_columns_no_match ... ok
test dvm::operators::aggregate::tests::test_a44_2_extract_case_columns_simple ... ok
test dvm::operators::aggregate::tests::test_a44_2_rewrite_case_for_lateral_simple ... ok
test dvm::operators::aggregate::tests::test_a44_2_sum_case_di2_generates_correct_sql ... ok
test dvm::operators::aggregate::tests::test_a44_2_sum_case_eligible_for_p5_with_cdc_cols ... ok
test dvm::operators::aggregate::tests::test_a44_2_sum_case_not_eligible_without_cdc_cols ... ok
test dvm::operators::aggregate::tests::test_agg_avg_count_delta_exprs ... ok
test dvm::operators::aggregate::tests::test_agg_delta_exprs_array_agg ... ok
test dvm::operators::aggregate::tests::test_agg_delta_exprs_avg_tracks_sum ... ok
test dvm::operators::aggregate::tests::test_agg_delta_exprs_bit_and ... ok
test dvm::operators::aggregate::tests::test_agg_delta_exprs_bit_or ... ok
test dvm::operators::aggregate::tests::test_agg_delta_exprs_bit_xor ... ok
test dvm::operators::aggregate::tests::test_agg_delta_exprs_bool_and ... ok
test dvm::operators::aggregate::tests::test_agg_delta_exprs_bool_and_with_filter ... ok
test dvm::operators::aggregate::tests::test_agg_delta_exprs_bool_or ... ok
test dvm::operators::aggregate::tests::test_agg_delta_exprs_count_col ... ok
test dvm::operators::aggregate::tests::test_agg_delta_exprs_count_distinct_uses_change_sentinel ... ok
test dvm::operators::aggregate::tests::test_agg_delta_exprs_count_no_filter ... ok
test dvm::operators::aggregate::tests::test_agg_delta_exprs_count_star ... ok
test dvm::operators::aggregate::tests::test_agg_delta_exprs_count_star_with_filter ... ok
test dvm::operators::aggregate::tests::test_agg_delta_exprs_json_object_agg ... ok
test dvm::operators::aggregate::tests::test_agg_delta_exprs_jsonb_object_agg ... ok
test dvm::operators::aggregate::tests::test_agg_delta_exprs_max ... ok
test dvm::operators::aggregate::tests::test_agg_delta_exprs_min ... ok
test dvm::operators::aggregate::tests::test_agg_delta_exprs_min_with_filter ... ok
test dvm::operators::aggregate::tests::test_agg_delta_exprs_mode ... ok
test dvm::operators::aggregate::tests::test_agg_delta_exprs_percentile_cont ... ok
test dvm::operators::aggregate::tests::test_agg_delta_exprs_percentile_disc ... ok
test dvm::operators::aggregate::tests::test_agg_delta_exprs_stddev_pop ... ok
test dvm::operators::aggregate::tests::test_agg_delta_exprs_stddev_samp ... ok
test dvm::operators::aggregate::tests::test_agg_delta_exprs_string_agg ... ok
test dvm::operators::aggregate::tests::test_agg_delta_exprs_sum ... ok
test dvm::operators::aggregate::tests::test_agg_delta_exprs_sum_with_filter ... ok
test dvm::operators::aggregate::tests::test_agg_delta_exprs_var_pop ... ok
test dvm::operators::aggregate::tests::test_agg_delta_exprs_var_samp ... ok
test dvm::operators::aggregate::tests::test_agg_func_sql_names_ordered_set ... ok
test dvm::operators::aggregate::tests::test_agg_merge_expr_array_agg_rescan ... ok
test dvm::operators::aggregate::tests::test_agg_merge_expr_avg ... ok
test dvm::operators::aggregate::tests::test_agg_merge_expr_avg_algebraic_formula ... ok
test dvm::operators::aggregate::tests::test_agg_merge_expr_bit_and_rescan ... ok
test dvm::operators::aggregate::tests::test_agg_merge_expr_bit_or_rescan ... ok
test dvm::operators::aggregate::tests::test_agg_merge_expr_bit_xor_rescan ... ok
test dvm::operators::aggregate::tests::test_agg_merge_expr_bool_and_rescan ... ok
test dvm::operators::aggregate::tests::test_agg_merge_expr_count_star ... ok
test dvm::operators::aggregate::tests::test_agg_merge_expr_json_object_agg_rescan ... ok
test dvm::operators::aggregate::tests::test_agg_merge_expr_jsonb_object_agg_rescan ... ok
test dvm::operators::aggregate::tests::test_agg_merge_expr_max ... ok
test dvm::operators::aggregate::tests::test_agg_merge_expr_min ... ok
test dvm::operators::aggregate::tests::test_agg_merge_expr_mode_rescan ... ok
test dvm::operators::aggregate::tests::test_agg_merge_expr_percentile_cont_rescan ... ok
test dvm::operators::aggregate::tests::test_agg_merge_expr_percentile_disc_rescan ... ok
test dvm::operators::aggregate::tests::test_agg_merge_expr_stddev_pop_rescan ... ok
test dvm::operators::aggregate::tests::test_agg_merge_expr_stddev_samp_rescan ... ok
test dvm::operators::aggregate::tests::test_agg_merge_expr_string_agg_rescan ... ok
test dvm::operators::aggregate::tests::test_agg_merge_expr_sum ... ok
test dvm::operators::aggregate::tests::test_agg_merge_expr_var_pop_rescan ... ok
test dvm::operators::aggregate::tests::test_agg_merge_expr_var_samp_rescan ... ok
test dvm::operators::aggregate::tests::test_agg_to_rescan_sql_json_arrayagg_std ... ok
test dvm::operators::aggregate::tests::test_agg_to_rescan_sql_json_arrayagg_std_with_filter ... ok
test dvm::operators::aggregate::tests::test_agg_to_rescan_sql_json_objectagg_std ... ok
test dvm::operators::aggregate::tests::test_aggregate_resolves_hashed_join_column_name ... ok
test dvm::operators::aggregate::tests::test_child_to_from_sql_cte_scan_applies_definition_aliases ... ok
test dvm::operators::aggregate::tests::test_child_to_from_sql_cte_scan_resolves_via_registry ... ok
test dvm::operators::aggregate::tests::test_child_to_from_sql_cte_scan_unresolvable_returns_none ... ok
test dvm::operators::aggregate::tests::test_child_to_from_sql_filter_over_lateral_function ... ok
test dvm::operators::aggregate::tests::test_child_to_from_sql_project_over_scan ... ok
test dvm::operators::aggregate::tests::test_child_to_from_sql_project_over_subquery ... ok
test dvm::operators::aggregate::tests::test_child_to_from_sql_scan_projects_pruned_columns ... ok
test dvm::operators::aggregate::tests::test_coalesce_sum_restores_null_before_projection ... ok
test dvm::operators::aggregate::tests::test_count_star_still_algebraically_invertible ... ok
test dvm::operators::aggregate::tests::test_diff_aggregate_array_agg ... ok
test dvm::operators::aggregate::tests::test_diff_aggregate_avg_no_group_by ... ok
test dvm::operators::aggregate::tests::test_diff_aggregate_avg_with_group_by ... ok
test dvm::operators::aggregate::tests::test_diff_aggregate_bit_and ... ok
test dvm::operators::aggregate::tests::test_diff_aggregate_bit_or ... ok
test dvm::operators::aggregate::tests::test_diff_aggregate_bit_xor ... ok
test dvm::operators::aggregate::tests::test_diff_aggregate_bool_and ... ok
test dvm::operators::aggregate::tests::test_diff_aggregate_bool_or ... ok
test dvm::operators::aggregate::tests::test_diff_aggregate_change_detection_guard ... ok
test dvm::operators::aggregate::tests::test_diff_aggregate_count_star_with_group_by ... ok
test dvm::operators::aggregate::tests::test_diff_aggregate_error_on_non_aggregate_node ... ok
test dvm::operators::aggregate::tests::test_diff_aggregate_func_call_group_by_aliased_in_delta_cte ... ok
test dvm::operators::aggregate::tests::test_diff_aggregate_is_deduplicated ... ok
test dvm::operators::aggregate::tests::test_diff_aggregate_json_object_agg ... ok
test dvm::operators::aggregate::tests::test_diff_aggregate_jsonb_object_agg ... ok
test dvm::operators::aggregate::tests::test_diff_aggregate_max_with_group_by ... ok
test dvm::operators::aggregate::tests::test_diff_aggregate_min_with_group_by ... ok
test dvm::operators::aggregate::tests::test_diff_aggregate_mixed_algebraic_and_rescan ... ok
test dvm::operators::aggregate::tests::test_diff_aggregate_mixed_count_sum_complex_expression ... ok
test dvm::operators::aggregate::tests::test_diff_aggregate_mixed_sum_avg ... ok
test dvm::operators::aggregate::tests::test_diff_aggregate_mixed_with_bitwise ... ok
test dvm::operators::aggregate::tests::test_diff_aggregate_mixed_with_ordered_set ... ok
test dvm::operators::aggregate::tests::test_diff_aggregate_mixed_with_statistical ... ok
test dvm::operators::aggregate::tests::test_diff_aggregate_mode ... ok
test dvm::operators::aggregate::tests::test_diff_aggregate_mode_with_filter ... ok
test dvm::operators::aggregate::tests::test_diff_aggregate_no_group_by ... ok
test dvm::operators::aggregate::tests::test_diff_aggregate_percentile_cont ... ok
test dvm::operators::aggregate::tests::test_diff_aggregate_percentile_cont_with_filter ... ok
test dvm::operators::aggregate::tests::test_diff_aggregate_percentile_disc ... ok
test dvm::operators::aggregate::tests::test_diff_aggregate_standard_path_when_child_is_filter ... ok
test dvm::operators::aggregate::tests::test_diff_aggregate_stddev_pop ... ok
test dvm::operators::aggregate::tests::test_diff_aggregate_stddev_samp ... ok
test dvm::operators::aggregate::tests::test_diff_aggregate_string_agg ... ok
test dvm::operators::aggregate::tests::test_diff_aggregate_sum_with_group_by ... ok
test dvm::operators::aggregate::tests::test_diff_aggregate_var_pop ... ok
test dvm::operators::aggregate::tests::test_diff_aggregate_var_samp ... ok
test dvm::operators::aggregate::tests::test_diff_aggregate_with_filter ... ok
test dvm::operators::aggregate::tests::test_direct_agg_delta_exprs_count_col_ignores_value_only ... ok
test dvm::operators::aggregate::tests::test_direct_agg_delta_exprs_count_star_ignores_value_only ... ok
test dvm::operators::aggregate::tests::test_direct_agg_delta_exprs_sum_with_value_only ... ok
test dvm::operators::aggregate::tests::test_direct_agg_delta_exprs_sum_without_value_only ... ok
test dvm::operators::aggregate::tests::test_eligible_no_group_by ... ok
test dvm::operators::aggregate::tests::test_eligible_scan_count_star ... ok
test dvm::operators::aggregate::tests::test_eligible_scan_sum_and_count ... ok
test dvm::operators::aggregate::tests::test_filter_disqualifies_p5_bypass ... ok
test dvm::operators::aggregate::tests::test_ineligible_distinct_aggregate ... ok
test dvm::operators::aggregate::tests::test_ineligible_min_max ... ok
test dvm::operators::aggregate::tests::test_ineligible_non_scan_child ... ok
test dvm::operators::aggregate::tests::test_intermediate_aggregate_uses_unique_internal_group_columns ... ok
test dvm::operators::aggregate::tests::test_intermediate_count_reconstructs_deduped_union_subquery ... ok
test dvm::operators::aggregate::tests::test_intermediate_scalar_count_preserves_zero_singleton ... ok
test dvm::operators::aggregate::tests::test_is_algebraic_via_aux_avg ... ok
test dvm::operators::aggregate::tests::test_is_algebraic_via_aux_not_for_count ... ok
test dvm::operators::aggregate::tests::test_is_algebraic_via_aux_not_for_distinct_avg ... ok
test dvm::operators::aggregate::tests::test_is_group_rescan ... ok
test dvm::operators::aggregate::tests::test_is_group_rescan_ordered_set ... ok
test dvm::operators::aggregate::tests::test_lateral_aggregate_current_snapshot_adds_source_alias_once ... ok
test dvm::operators::aggregate::tests::test_lateral_aggregate_current_snapshot_applies_same_pass_stage_delta ... ok
test dvm::operators::aggregate::tests::test_lateral_aggregate_current_snapshot_does_not_reapply_base_table_stage_delta ... ok
test dvm::operators::aggregate::tests::test_no_rescan_cte_for_avg ... ok
test dvm::operators::aggregate::tests::test_no_rescan_cte_for_count_star ... ok
test dvm::operators::aggregate::tests::test_no_rescan_cte_for_sum ... ok
test dvm::operators::aggregate::tests::test_no_rescan_cte_for_sum_count_avg_combined ... ok
test dvm::operators::aggregate::tests::test_p2_2_sum_full_join_correct_null_transition_formula ... ok
test dvm::operators::aggregate::tests::test_p2_2_sum_full_join_uses_nonnull_aux_not_rescan ... ok
test dvm::operators::aggregate::tests::test_q13_shaped_nested_left_join_aggregate_sql ... ok
test dvm::operators::aggregate::tests::test_rescan_agg_bit_and_disqualifies_p5_bypass ... ok
test dvm::operators::aggregate::tests::test_rescan_agg_disqualifies_p5_bypass ... ok
test dvm::operators::aggregate::tests::test_rescan_agg_json_object_agg_disqualifies_p5_bypass ... ok
test dvm::operators::aggregate::tests::test_rescan_agg_mode_disqualifies_p5_bypass ... ok
test dvm::operators::aggregate::tests::test_rescan_agg_percentile_cont_disqualifies_p5_bypass ... ok
test dvm::operators::aggregate::tests::test_rescan_agg_percentile_disc_disqualifies_p5_bypass ... ok
test dvm::operators::aggregate::tests::test_rescan_agg_stddev_disqualifies_p5_bypass ... ok
test dvm::operators::aggregate::tests::test_rescan_agg_variance_disqualifies_p5_bypass ... ok
test dvm::operators::aggregate::tests::test_rescan_cte_for_min_max ... ok
test dvm::operators::aggregate::tests::test_rescan_cte_only_for_group_rescan_aggregates ... ok
test dvm::operators::aggregate::tests::test_resolve_expr_for_child_binary_op ... ok
test dvm::operators::aggregate::tests::test_resolve_expr_for_child_nested_binary_op ... ok
test dvm::operators::aggregate::tests::test_resolve_expr_for_child_qualified_column_with_disambiguation ... ok
test dvm::operators::aggregate::tests::test_resolve_expr_for_child_simple_column ... ok
test dvm::operators::aggregate::tests::test_statistical_delta_products_cast_operands_to_resolved_type ... ok
test dvm::operators::aggregate::tests::test_statistical_sum2_casts_operands_to_resolved_type ... ok
test dvm::operators::aggregate::tests::test_sum_case_when_not_algebraically_invertible ... ok
test dvm::operators::aggregate::tests::test_sum_case_when_with_leading_whitespace ... ok
test dvm::operators::aggregate::tests::test_sum_filter_tracks_only_qualifying_nonnull_values ... ok
test dvm::operators::aggregate::tests::test_sum_plain_column_still_algebraically_invertible ... ok
test dvm::operators::aggregate::tests::test_sum_plain_scan_uses_nonnull_aux ... ok
test dvm::operators::aggregate::tests::test_tracked_aggregate_uses_unique_internal_group_columns ... ok
test dvm::operators::aggregate::tests::test_uda_classified_as_group_rescan ... ok
test dvm::operators::aggregate::tests::test_uda_rescan_sql_rendering ... ok
test dvm::operators::aggregate::tests::test_uda_rescan_sql_schema_qualified ... ok
test dvm::operators::aggregate::tests::test_uda_rescan_sql_with_filter_clause ... ok
test dvm::operators::aggregate::tests::test_uda_rescan_sql_with_order_by ... ok
test dvm::operators::anti_join::tests::prop_diff_anti_join_output_cols_equal_left_cols ... ok
test dvm::operators::anti_join::tests::prop_diff_anti_join_sql_contains_not_exists ... ok
test dvm::operators::anti_join::tests::test_diff_anti_join_basic ... ok
test dvm::operators::anti_join::tests::test_diff_anti_join_multi_column_condition ... ok
test dvm::operators::anti_join::tests::test_diff_anti_join_nested ... ok
test dvm::operators::anti_join::tests::test_diff_anti_join_output_columns_match_left_only ... ok
test dvm::operators::anti_join::tests::test_diff_anti_join_r_old_cte_materialized ... ok
test dvm::operators::anti_join::tests::test_diff_anti_join_sql_contains_not_exists ... ok
test dvm::operators::anti_join::tests::test_diff_anti_join_with_right_filter ... ok
test dvm::operators::anti_join::tests::test_diff_anti_join_wrong_node_type ... ok
test dvm::operators::anti_join::tests::test_semi_and_anti_join_are_complementary ... ok
test dvm::operators::cte_scan::tests::test_diff_cte_scan_basic ... ok
test dvm::operators::cte_scan::tests::test_diff_cte_scan_caches_result ... ok
test dvm::operators::cte_scan::tests::test_diff_cte_scan_error_missing_cte ... ok
test dvm::operators::cte_scan::tests::test_diff_cte_scan_error_on_non_cte_scan_node ... ok
test dvm::operators::cte_scan::tests::test_diff_cte_scan_with_column_aliases ... ok
test dvm::operators::cte_scan::tests::test_diff_cte_scan_with_def_aliases ... ok
test dvm::operators::distinct::tests::test_diff_distinct_basic ... ok
test dvm::operators::distinct::tests::test_diff_distinct_boundary_crossings ... ok
test dvm::operators::distinct::tests::test_diff_distinct_error_on_non_distinct_node ... ok
test dvm::operators::distinct::tests::test_diff_distinct_hash_row_id ... ok
test dvm::operators::distinct::tests::test_diff_distinct_not_deduplicated ... ok
test dvm::operators::except::tests::test_diff_except_all_basic ... ok
test dvm::operators::except::tests::test_diff_except_all_update_on_count_change ... ok
test dvm::operators::except::tests::test_diff_except_basic ... ok
test dvm::operators::except::tests::test_diff_except_boundary_crossings ... ok
test dvm::operators::except::tests::test_diff_except_branch_tagging ... ok
test dvm::operators::except::tests::test_diff_except_error_on_non_except_node ... ok
test dvm::operators::except::tests::test_diff_except_hash_row_id ... ok
test dvm::operators::except::tests::test_diff_except_invisible_rows_keep_counts ... ok
test dvm::operators::except::tests::test_diff_except_is_not_commutative ... ok
test dvm::operators::except::tests::test_diff_except_left_branch_is_positive ... ok
test dvm::operators::except::tests::test_diff_except_multi_column ... ok
test dvm::operators::except::tests::test_diff_except_net_count_aggregation ... ok
test dvm::operators::except::tests::test_diff_except_not_deduplicated ... ok
test dvm::operators::except::tests::test_diff_except_output_columns_include_dual_counts ... ok
test dvm::operators::except::tests::test_diff_except_set_uses_exact_boundary_all_uses_greatest ... ok
test dvm::operators::except::tests::test_diff_except_storage_table_join ... ok
test dvm::operators::filter::tests::test_diff_filter_basic ... ok
test dvm::operators::filter::tests::test_diff_filter_contains_predicate_and_columns ... ok
test dvm::operators::filter::tests::test_diff_filter_error_on_non_filter_node ... ok
test dvm::operators::filter::tests::test_diff_filter_inherits_dedup_when_child_already_dedup ... ok
test dvm::operators::filter::tests::test_diff_filter_lateral_child_bypasses_delete_rows ... ok
test dvm::operators::filter::tests::test_diff_filter_no_dedup_cte_for_non_dedup_child ... ok
test dvm::operators::filter::tests::test_diff_filter_non_lateral_child_does_not_bypass ... ok
test dvm::operators::filter::tests::test_diff_filter_preserves_dedup_flag ... ok
test dvm::operators::filter::tests::test_diff_filter_preserves_row_id_and_action ... ok
test dvm::operators::filter::tests::test_filter_resolves_hashed_join_column_name ... ok
test dvm::operators::filter::tests::test_p2_7_filter_pushdown_into_scan ... ok
test dvm::operators::filter::tests::test_p2_7_no_pushdown_for_keyless_scan ... ok
test dvm::operators::filter::tests::test_p2_7_no_pushdown_for_raw_predicate ... ok
test dvm::operators::filter::tests::test_replace_column_refs_in_raw_preserves_strings ... ok
test dvm::operators::filter::tests::test_replace_column_refs_in_raw_rewrites_qualified_lateral_columns ... ok
test dvm::operators::full_join::tests::test_diff_full_join_as_left_child_of_inner_join ... ok
test dvm::operators::full_join::tests::test_diff_full_join_basic ... ok
test dvm::operators::full_join::tests::test_diff_full_join_delta_flags ... ok
test dvm::operators::full_join::tests::test_diff_full_join_error_on_non_full_join_node ... ok
test dvm::operators::full_join::tests::test_diff_full_join_has_all_parts ... ok
test dvm::operators::full_join::tests::test_diff_full_join_nested_both_children ... ok
test dvm::operators::full_join::tests::test_diff_full_join_nested_left_child ... ok
test dvm::operators::full_join::tests::test_diff_full_join_not_deduplicated ... ok
test dvm::operators::full_join::tests::test_diff_full_join_null_padding_both_sides ... ok
test dvm::operators::full_join::tests::test_diff_full_join_with_semi_join_right_child ... ok
test dvm::operators::full_join::tests::test_l0_full_join_uses_pre_change_left_for_part2 ... ok
test dvm::operators::intersect::tests::test_diff_intersect_all_basic ... ok
test dvm::operators::intersect::tests::test_diff_intersect_all_update_on_count_change ... ok
test dvm::operators::intersect::tests::test_diff_intersect_basic ... ok
test dvm::operators::intersect::tests::test_diff_intersect_boundary_crossings ... ok
test dvm::operators::intersect::tests::test_diff_intersect_branch_tagging ... ok
test dvm::operators::intersect::tests::test_diff_intersect_delete_action_zeros_counts ... ok
test dvm::operators::intersect::tests::test_diff_intersect_error_on_non_intersect_node ... ok
test dvm::operators::intersect::tests::test_diff_intersect_hash_row_id ... ok
test dvm::operators::intersect::tests::test_diff_intersect_multi_column ... ok
test dvm::operators::intersect::tests::test_diff_intersect_net_count_aggregation ... ok
test dvm::operators::intersect::tests::test_diff_intersect_not_deduplicated ... ok
test dvm::operators::intersect::tests::test_diff_intersect_output_columns_include_dual_counts ... ok
test dvm::operators::intersect::tests::test_diff_intersect_set_and_all_produce_same_structure ... ok
test dvm::operators::intersect::tests::test_diff_intersect_storage_table_join ... ok
test dvm::operators::join::tests::prop_diff_inner_join_output_col_count ... ok
test dvm::operators::join::tests::prop_diff_inner_join_sql_always_has_union_all ... ok
test dvm::operators::join::tests::test_build_base_table_key_exprs_all_nullable_fallback ... ok
test dvm::operators::join::tests::test_build_base_table_key_exprs_non_nullable ... ok
test dvm::operators::join::tests::test_build_base_table_key_exprs_non_scan_fallback ... ok
test dvm::operators::join::tests::test_build_semijoin_subquery_no_keys_returns_plain ... ok
test dvm::operators::join::tests::test_build_semijoin_subquery_right_side ... ok
test dvm::operators::join::tests::test_deep_join_no_correction_with_per_leaf_cte ... ok
test dvm::operators::join::tests::test_di5_part3_suppressed_above_threshold ... ok
test dvm::operators::join::tests::test_di5_part3_threshold_raised_covers_4_scan_semijoin_chain ... ok
test dvm::operators::join::tests::test_diff_inner_join_aggregate_cte_uses_exact_per_leaf_plan ... ok
test dvm::operators::join::tests::test_diff_inner_join_basic ... ok
test dvm::operators::join::tests::test_diff_inner_join_deep_chain_no_correction ... ok
test dvm::operators::join::tests::test_diff_inner_join_error_on_non_join_node ... ok
test dvm::operators::join::tests::test_diff_inner_join_inside_semijoin_uses_l1 ... ok
test dvm::operators::join::tests::test_diff_inner_join_left_join_as_left_child ... ok
test dvm::operators::join::tests::test_diff_inner_join_natural_multiple_common_cols ... ok
test dvm::operators::join::tests::test_diff_inner_join_natural_no_common_columns ... ok
test dvm::operators::join::tests::test_diff_inner_join_nested_skips_semijoin_optimization ... ok
test dvm::operators::join::tests::test_diff_inner_join_nested_three_tables ... ok
test dvm::operators::join::tests::test_diff_inner_join_nested_uses_l0_via_except_all ... ok
test dvm::operators::join::tests::test_diff_inner_join_nested_uses_snapshot_subquery ... ok
test dvm::operators::join::tests::test_diff_inner_join_not_deduplicated ... ok
test dvm::operators::join::tests::test_diff_inner_join_pre_change_snapshot ... ok
test dvm::operators::join::tests::test_diff_inner_join_scan_no_correction ... ok
test dvm::operators::join::tests::test_diff_inner_join_two_parts ... ok
test dvm::operators::join::tests::test_diff_inner_join_with_natural_condition ... ok
test dvm::operators::join::tests::test_diff_inner_join_with_nested_right_inner_join ... ok
test dvm::operators::join::tests::test_ec01_nested_right_child_2_scans_no_split_when_l0 ... ok
test dvm::operators::join::tests::test_ec01_nested_right_child_3_scans_no_split_when_l0 ... ok
test dvm::operators::join::tests::test_ec01_no_r0_when_l0_available ... ok
test dvm::operators::join::tests::test_ec01_simple_join_no_split_when_l0_available ... ok
test dvm::operators::join::tests::test_ec01_two_union_all_arms_when_l0_available ... ok
test dvm::operators::join::tests::test_extract_equijoin_keys_and_condition ... ok
test dvm::operators::join::tests::test_extract_equijoin_keys_non_equality_returns_empty ... ok
test dvm::operators::join::tests::test_extract_equijoin_keys_simple_equality ... ok
test dvm::operators::join::tests::test_extract_equijoin_keys_swapped_order ... ok
test dvm::operators::join::tests::test_get_current_table_ref_non_scan - should panic ... ok
test dvm::operators::join::tests::test_get_current_table_ref_scan ... ok
test dvm::operators::join::tests::test_join_scan_count ... ok
test dvm::operators::join_common::tests::test_di2_leaf_snapshot_non_scan_falls_back ... ok
test dvm::operators::join_common::tests::test_di2_leaf_snapshot_scan_keyless ... ok
test dvm::operators::join_common::tests::test_di2_leaf_snapshot_scan_multi_pk ... ok
test dvm::operators::join_common::tests::test_di2_leaf_snapshot_scan_single_pk ... ok
test dvm::operators::join_common::tests::test_di2_per_leaf_fallback_other_oid_keeps_not_exists ... ok
test dvm::operators::join_common::tests::test_di2_per_leaf_fallback_scan_uses_except_all ... ok
test dvm::operators::join_common::tests::test_ec01b_boundary_two_scan_join_allows_pre_change_snapshot ... ok
test dvm::operators::join_common::tests::test_ec01b_four_way_join_uses_pre_change_snapshot ... ok
test dvm::operators::join_common::tests::test_ec01b_right_subtree_three_scans_uses_pre_change_snapshot ... ok
test dvm::operators::join_common::tests::test_ec01b_three_way_join_uses_pre_change_snapshot ... ok
test dvm::operators::join_common::tests::test_has_source_alias_nested_join ... ok
test dvm::operators::join_common::tests::test_has_source_alias_scan ... ok
test dvm::operators::join_common::tests::test_is_simple_child_filter_over_scan ... ok
test dvm::operators::join_common::tests::test_is_simple_child_join ... ok
test dvm::operators::join_common::tests::test_is_simple_child_scan ... ok
test dvm::operators::join_common::tests::test_is_simple_source_filter_over_scan ... ok
test dvm::operators::join_common::tests::test_is_simple_source_nested_join ... ok
test dvm::operators::join_common::tests::test_is_simple_source_scan ... ok
test dvm::operators::join_common::tests::test_key_exprs_non_scan_fallback ... ok
test dvm::operators::join_common::tests::test_key_exprs_scan_non_nullable ... ok
test dvm::operators::join_common::tests::test_pre_change_snapshot_2_scan_join ... ok
test dvm::operators::join_common::tests::test_pre_change_snapshot_3_scan_join_uses_per_leaf_cte ... ok
test dvm::operators::join_common::tests::test_pre_change_snapshot_join_with_missing_cte_body_falls_back ... ok
test dvm::operators::join_common::tests::test_pre_change_snapshot_non_join_child ... ok
test dvm::operators::join_common::tests::test_pre_change_snapshot_rebuilds_lateral_from_old_child_rows ... ok
test dvm::operators::join_common::tests::test_pre_change_snapshot_semijoin_forces_fallback ... ok
test dvm::operators::join_common::tests::test_pre_change_snapshot_simple_scan ... ok
test dvm::operators::join_common::tests::test_rewrite_both_sides_nested ... ok
test dvm::operators::join_common::tests::test_rewrite_nested_condition ... ok
test dvm::operators::join_common::tests::test_rewrite_prefers_outer_right_alias_on_collision ... ok
test dvm::operators::join_common::tests::test_rewrite_raw_with_mixed_quoted_and_unquoted ... ok
test dvm::operators::join_common::tests::test_rewrite_raw_with_quoted_aliases ... ok
test dvm::operators::join_common::tests::test_rewrite_simple_condition ... ok
test dvm::operators::join_common::tests::test_snapshot_deep_join_column_names_are_bounded_and_collision_resistant ... ok
test dvm::operators::join_common::tests::test_snapshot_filter_over_scan ... ok
test dvm::operators::join_common::tests::test_snapshot_inner_join ... ok
test dvm::operators::join_common::tests::test_snapshot_lateral_function_as_direct_join_source ... ok
test dvm::operators::join_common::tests::test_snapshot_left_join ... ok
test dvm::operators::join_common::tests::test_snapshot_nested_join ... ok
test dvm::operators::join_common::tests::test_snapshot_plan_keeps_deep_pure_join_per_leaf ... ok
test dvm::operators::join_common::tests::test_snapshot_plan_keeps_scan_combined ... ok
test dvm::operators::join_common::tests::test_snapshot_plan_keeps_three_scan_join_per_leaf ... ok
test dvm::operators::join_common::tests::test_snapshot_project_over_lateral_function_preserves_source_aliases ... ok
test dvm::operators::join_common::tests::test_snapshot_scan ... ok
test dvm::operators::join_common::tests::test_snapshot_union_subquery_as_direct_join_source ... ok
test dvm::operators::lateral_function::tests::test_diff_lateral_function_basic ... ok
test dvm::operators::lateral_function::tests::test_diff_lateral_function_error_on_non_lateral_node ... ok
test dvm::operators::lateral_function::tests::test_diff_lateral_function_expand_filters_inserts ... ok
test dvm::operators::lateral_function::tests::test_diff_lateral_function_hash_includes_all_columns ... ok
test dvm::operators::lateral_function::tests::test_diff_lateral_function_infers_jsonb_array_value_column ... ok
test dvm::operators::lateral_function::tests::test_diff_lateral_function_infers_jsonb_each_columns ... ok
test dvm::operators::lateral_function::tests::test_diff_lateral_function_multi_column_srf ... ok
test dvm::operators::lateral_function::tests::test_diff_lateral_function_no_column_aliases ... ok
test dvm::operators::lateral_function::tests::test_diff_lateral_function_not_deduplicated ... ok
test dvm::operators::lateral_function::tests::test_diff_lateral_function_old_rows_reexpands_with_delete_action ... ok
test dvm::operators::lateral_function::tests::test_diff_lateral_function_uses_lateral_keyword ... ok
test dvm::operators::lateral_function::tests::test_diff_lateral_function_with_ordinality ... ok
test dvm::operators::lateral_function::tests::test_lateral_function_alias ... ok
test dvm::operators::lateral_function::tests::test_lateral_function_node_kind ... ok
test dvm::operators::lateral_function::tests::test_lateral_function_output_columns_infer_jsonb_array_defaults ... ok
test dvm::operators::lateral_function::tests::test_lateral_function_output_columns_infer_jsonb_each_defaults ... ok
test dvm::operators::lateral_function::tests::test_lateral_function_output_columns_no_aliases ... ok
test dvm::operators::lateral_function::tests::test_lateral_function_output_columns_use_declared_table_columns ... ok
test dvm::operators::lateral_function::tests::test_lateral_function_output_columns_with_aliases ... ok
test dvm::operators::lateral_function::tests::test_lateral_function_output_columns_with_ordinality ... ok
test dvm::operators::lateral_function::tests::test_lateral_function_source_oids ... ok
test dvm::operators::lateral_subquery::tests::test_diff_lateral_subquery_basic ... ok
test dvm::operators::lateral_subquery::tests::test_diff_lateral_subquery_composite_nullable_identity_is_null_safe ... ok
test dvm::operators::lateral_subquery::tests::test_diff_lateral_subquery_contains_lateral_keyword ... ok
test dvm::operators::lateral_subquery::tests::test_diff_lateral_subquery_error_on_wrong_node ... ok
test dvm::operators::lateral_subquery::tests::test_diff_lateral_subquery_expand_filters_inserts ... ok
test dvm::operators::lateral_subquery::tests::test_diff_lateral_subquery_hash_includes_all_columns ... ok
test dvm::operators::lateral_subquery::tests::test_diff_lateral_subquery_left_join ... ok
test dvm::operators::lateral_subquery::tests::test_diff_lateral_subquery_left_join_null_safe_hash ... ok
test dvm::operators::lateral_subquery::tests::test_diff_lateral_subquery_no_correlation_falls_back ... ok
test dvm::operators::lateral_subquery::tests::test_diff_lateral_subquery_not_deduplicated ... ok
test dvm::operators::lateral_subquery::tests::test_diff_lateral_subquery_old_rows_join_condition ... ok
test dvm::operators::lateral_subquery::tests::test_diff_lateral_subquery_output_columns ... ok
test dvm::operators::lateral_subquery::tests::test_diff_lateral_subquery_projected_away_identity_is_rejected ... ok
test dvm::operators::lateral_subquery::tests::test_diff_lateral_subquery_scoped_does_not_have_limit ... ok
test dvm::operators::lateral_subquery::tests::test_diff_lateral_subquery_scoped_inner_change_uses_correlation ... ok
test dvm::operators::lateral_subquery::tests::test_diff_lateral_subquery_shared_oid_generates_inner_branch ... ok
test dvm::operators::lateral_subquery::tests::test_diff_lateral_subquery_uses_original_alias ... ok
test dvm::operators::lateral_subquery::tests::test_diff_lateral_subquery_with_column_aliases ... ok
test dvm::operators::lateral_subquery::tests::test_inner_change_branch_uses_synthetic_sentinel ... ok
test dvm::operators::lateral_subquery::tests::test_lateral_subquery_alias ... ok
test dvm::operators::lateral_subquery::tests::test_lateral_subquery_is_left_join_flag ... ok
test dvm::operators::lateral_subquery::tests::test_lateral_subquery_node_kind ... ok
test dvm::operators::lateral_subquery::tests::test_lateral_subquery_output_columns_defaults_to_output_cols ... ok
test dvm::operators::lateral_subquery::tests::test_lateral_subquery_output_columns_with_aliases ... ok
test dvm::operators::lateral_subquery::tests::test_lateral_subquery_source_oids_includes_child_and_subquery ... ok
test dvm::operators::outer_join::tests::test_diff_left_join_basic ... ok
test dvm::operators::outer_join::tests::test_diff_left_join_deep_snapshot_consumer_uses_bounded_column_names ... ok
test dvm::operators::outer_join::tests::test_diff_left_join_error_on_non_left_join_node ... ok
test dvm::operators::outer_join::tests::test_diff_left_join_has_all_parts ... ok
test dvm::operators::outer_join::tests::test_diff_left_join_natural_multiple_common_cols ... ok
test dvm::operators::outer_join::tests::test_diff_left_join_nested_right_child ... ok
test dvm::operators::outer_join::tests::test_diff_left_join_nested_three_tables ... ok
test dvm::operators::outer_join::tests::test_diff_left_join_not_deduplicated ... ok
test dvm::operators::outer_join::tests::test_diff_left_join_null_padding ... ok
test dvm::operators::outer_join::tests::test_diff_left_join_right_delta_flags ... ok
test dvm::operators::outer_join::tests::test_diff_left_join_with_natural_condition ... ok
test dvm::operators::outer_join::tests::test_ec01_left_join_no_r0_when_l0_available ... ok
test dvm::operators::outer_join::tests::test_ec01_left_join_no_split_when_l0_available ... ok
test dvm::operators::outer_join::tests::test_ec02_left_join_no_correction_when_l0_available ... ok
test dvm::operators::outer_join::tests::test_left_join_part2_uses_l0_for_scan_children ... ok
test dvm::operators::project::tests::test_aggregate_group_position_preserves_duplicate_columns ... ok
test dvm::operators::project::tests::test_aggregate_group_position_resolves_group_by_ordinals ... ok
test dvm::operators::project::tests::test_diff_project_alias_rename ... ok
test dvm::operators::project::tests::test_diff_project_basic_columns ... ok
test dvm::operators::project::tests::test_diff_project_computed_mdm_source_key_is_per_source_row ... ok
test dvm::operators::project::tests::test_diff_project_does_not_leak_aggregate_count_into_intermediate_shape ... ok
test dvm::operators::project::tests::test_diff_project_error_on_non_project_node ... ok
test dvm::operators::project::tests::test_diff_project_forwards_aggregate_count_for_blocks_token_name ... ok
test dvm::operators::project::tests::test_diff_project_forwards_aggregate_state_through_filter ... ok
test dvm::operators::project::tests::test_diff_project_forwards_dual_count_columns ... ok
test dvm::operators::project::tests::test_diff_project_forwards_pgt_count_from_aggregate ... ok
test dvm::operators::project::tests::test_diff_project_maps_reordered_aggregate_targets_to_child_columns ... ok
test dvm::operators::project::tests::test_diff_project_no_count_columns_for_normal_child ... ok
test dvm::operators::project::tests::test_diff_project_over_table_srf_matches_full_refresh_identity ... ok
test dvm::operators::project::tests::test_diff_project_passthrough_row_id ... ok
test dvm::operators::project::tests::test_diff_project_preserves_dedup_flag ... ok
test dvm::operators::project::tests::test_diff_project_preserves_qualified_types_through_three_way_join ... ok
test dvm::operators::project::tests::test_diff_project_reads_duplicate_child_columns_positionally ... ok
test dvm::operators::project::tests::test_diff_project_resolves_outer_alias_through_lateral_join_chain ... ok
test dvm::operators::project::tests::test_diff_project_resolves_subquery_alias_through_deep_left_join_chain ... ok
test dvm::operators::project::tests::test_false_left_join_pruning_keeps_raw_right_references ... ok
test dvm::operators::project::tests::test_project_aggregate_call_resolves_to_aggregate_output ... ok
test dvm::operators::project::tests::test_resolve_expr_binary_op ... ok
test dvm::operators::project::tests::test_resolve_expr_func_call ... ok
test dvm::operators::project::tests::test_resolve_expr_qualified_column_disambiguated ... ok
test dvm::operators::project::tests::test_resolve_expr_qualified_column_not_disambiguated ... ok
test dvm::operators::project::tests::test_resolve_expr_unqualified_column ... ok
test dvm::operators::recursive_cte::tests::test_change_buffer_project_over_inner_join_inlines ... ok
test dvm::operators::recursive_cte::tests::test_change_buffer_project_over_left_join_inlines ... ok
test dvm::operators::recursive_cte::tests::test_collect_cascade_cols_scan ... ok
test dvm::operators::recursive_cte::tests::test_collect_cascade_cols_self_ref ... ok
test dvm::operators::recursive_cte::tests::test_collect_cascade_cols_subquery ... ok
test dvm::operators::recursive_cte::tests::test_collect_cascade_cols_unknown_variant ... ok
test dvm::operators::recursive_cte::tests::test_collect_select_cols_scan ... ok
test dvm::operators::recursive_cte::tests::test_collect_select_cols_self_ref ... ok
test dvm::operators::recursive_cte::tests::test_collect_select_cols_subquery ... ok
test dvm::operators::recursive_cte::tests::test_collect_self_ref_aliases_linear ... ok
test dvm::operators::recursive_cte::tests::test_collect_self_ref_aliases_no_self_refs ... ok
test dvm::operators::recursive_cte::tests::test_collect_self_ref_aliases_nonlinear ... ok
test dvm::operators::recursive_cte::tests::test_collect_self_ref_aliases_through_distinct ... ok
test dvm::operators::recursive_cte::tests::test_collect_self_ref_aliases_through_filter ... ok
test dvm::operators::recursive_cte::tests::test_collect_self_ref_aliases_through_subquery ... ok
test dvm::operators::recursive_cte::tests::test_columns_match_enables_incremental ... ok
test dvm::operators::recursive_cte::tests::test_columns_mismatch_forces_recomputation ... ok
test dvm::operators::recursive_cte::tests::test_count_self_refs_left_join ... ok
test dvm::operators::recursive_cte::tests::test_count_self_refs_linear ... ok
test dvm::operators::recursive_cte::tests::test_count_self_refs_nonlinear ... ok
test dvm::operators::recursive_cte::tests::test_count_self_refs_through_distinct ... ok
test dvm::operators::recursive_cte::tests::test_count_self_refs_through_filter ... ok
test dvm::operators::recursive_cte::tests::test_count_self_refs_through_project ... ok
test dvm::operators::recursive_cte::tests::test_count_self_refs_through_subquery ... ok
test dvm::operators::recursive_cte::tests::test_count_self_refs_zero ... ok
test dvm::operators::recursive_cte::tests::test_dred_cascade_reads_from_st_storage_not_change_buffer ... ok
test dvm::operators::recursive_cte::tests::test_generate_cascade_from_complex_falls_back ... ok
test dvm::operators::recursive_cte::tests::test_generate_cascade_from_scan_uses_st_table ... ok
test dvm::operators::recursive_cte::tests::test_generate_cascade_from_self_ref_uses_cascade_cte ... ok
test dvm::operators::recursive_cte::tests::test_generate_cascade_from_subquery ... ok
test dvm::operators::recursive_cte::tests::test_generate_change_buffer_from_includes_update_new_rows ... ok
test dvm::operators::recursive_cte::tests::test_generate_dred_delta_change_buffer_structure ... ok
test dvm::operators::recursive_cte::tests::test_generate_from_sql_complex_subtree_wraps ... ok
test dvm::operators::recursive_cte::tests::test_generate_from_sql_scan ... ok
test dvm::operators::recursive_cte::tests::test_generate_from_sql_self_ref ... ok
test dvm::operators::recursive_cte::tests::test_generate_from_sql_subquery ... ok
test dvm::operators::recursive_cte::tests::test_generate_from_sql_targeted_complex_wraps ... ok
test dvm::operators::recursive_cte::tests::test_generate_from_sql_targeted_missing_alias_errors ... ok
test dvm::operators::recursive_cte::tests::test_generate_from_sql_targeted_scan ... ok
test dvm::operators::recursive_cte::tests::test_generate_from_sql_targeted_self_ref ... ok
test dvm::operators::recursive_cte::tests::test_generate_from_sql_targeted_subquery ... ok
test dvm::operators::recursive_cte::tests::test_generate_nonlinear_seeds_linear_returns_empty ... ok
test dvm::operators::recursive_cte::tests::test_generate_nonlinear_seeds_two_self_refs ... ok
test dvm::operators::recursive_cte::tests::test_generate_old_change_buffer_from_includes_update_old_rows ... ok
test dvm::operators::recursive_cte::tests::test_generate_query_sql_cascade_inner_join ... ok
test dvm::operators::recursive_cte::tests::test_generate_query_sql_cascade_left_join ... ok
test dvm::operators::recursive_cte::tests::test_generate_query_sql_cascade_unsupported_errors ... ok
test dvm::operators::recursive_cte::tests::test_generate_query_sql_cascade_with_filter ... ok
test dvm::operators::recursive_cte::tests::test_generate_query_sql_cascade_with_project ... ok
test dvm::operators::recursive_cte::tests::test_generate_query_sql_filter ... ok
test dvm::operators::recursive_cte::tests::test_generate_query_sql_inner_join ... ok
test dvm::operators::recursive_cte::tests::test_generate_query_sql_left_join ... ok
test dvm::operators::recursive_cte::tests::test_generate_query_sql_project ... ok
test dvm::operators::recursive_cte::tests::test_generate_query_sql_project_over_inner_join ... ok
test dvm::operators::recursive_cte::tests::test_generate_query_sql_project_over_left_join ... ok
test dvm::operators::recursive_cte::tests::test_generate_query_sql_project_over_scan_wraps_subquery ... ok
test dvm::operators::recursive_cte::tests::test_generate_query_sql_scan ... ok
test dvm::operators::recursive_cte::tests::test_generate_query_sql_self_ref ... ok
test dvm::operators::recursive_cte::tests::test_generate_query_sql_self_ref_no_replacement_errors ... ok
test dvm::operators::recursive_cte::tests::test_generate_query_sql_subquery ... ok
test dvm::operators::recursive_cte::tests::test_generate_query_sql_targeted_filter ... ok
test dvm::operators::recursive_cte::tests::test_generate_query_sql_targeted_left_join ... ok
test dvm::operators::recursive_cte::tests::test_generate_query_sql_targeted_nonlinear_join ... ok
test dvm::operators::recursive_cte::tests::test_generate_query_sql_targeted_project ... ok
test dvm::operators::recursive_cte::tests::test_generate_query_sql_targeted_subquery ... ok
test dvm::operators::recursive_cte::tests::test_generate_query_sql_targeted_unsupported_errors ... ok
test dvm::operators::recursive_cte::tests::test_generate_query_sql_unsupported_variant_errors ... ok
test dvm::operators::recursive_cte::tests::test_monotone_filter_project ... ok
test dvm::operators::recursive_cte::tests::test_monotone_intersect_all ... ok
test dvm::operators::recursive_cte::tests::test_monotone_simple_join ... ok
test dvm::operators::recursive_cte::tests::test_monotone_union_all ... ok
test dvm::operators::recursive_cte::tests::test_non_monotone_aggregate ... ok
test dvm::operators::recursive_cte::tests::test_non_monotone_anti_join ... ok
test dvm::operators::recursive_cte::tests::test_non_monotone_distinct ... ok
test dvm::operators::recursive_cte::tests::test_non_monotone_except ... ok
test dvm::operators::recursive_cte::tests::test_non_monotone_intersect_set ... ok
test dvm::operators::recursive_cte::tests::test_non_monotone_nested_in_join ... ok
test dvm::operators::recursive_cte::tests::test_non_monotone_window ... ok
test dvm::operators::recursive_cte::tests::test_old_change_buffer_project_over_join_inlines ... ok
test dvm::operators::scalar_subquery::tests::test_diff_scalar_subquery_basic ... ok
test dvm::operators::scalar_subquery::tests::test_diff_scalar_subquery_sql_structure ... ok
test dvm::operators::scalar_subquery::tests::test_diff_scalar_subquery_uses_pre_change_snapshot ... ok
test dvm::operators::scalar_subquery::tests::test_diff_scalar_subquery_wrong_node_type ... ok
test dvm::operators::scan::tests::test_a2_key_changed_annotation_in_scan_sql ... ok
test dvm::operators::scan::tests::test_a2_no_key_changed_without_key_cols ... ok
test dvm::operators::scan::tests::test_build_hash_expr_complex_expressions_parenthesized ... ok
test dvm::operators::scan::tests::test_build_hash_expr_multiple ... ok
test dvm::operators::scan::tests::test_build_hash_expr_single ... ok
test dvm::operators::scan::tests::test_compute_varbit_changed_cols_mask_all_columns ... ok
test dvm::operators::scan::tests::test_compute_varbit_changed_cols_mask_basic ... ok
test dvm::operators::scan::tests::test_compute_varbit_changed_cols_mask_single_column ... ok
test dvm::operators::scan::tests::test_compute_varbit_changed_cols_mask_wide_table ... ok
test dvm::operators::scan::tests::test_compute_varbit_key_cols_mask_all_keys ... ok
test dvm::operators::scan::tests::test_compute_varbit_key_cols_mask_basic ... ok
test dvm::operators::scan::tests::test_compute_varbit_key_cols_mask_multiple_keys ... ok
test dvm::operators::scan::tests::test_compute_varbit_key_cols_mask_no_keys ... ok
test dvm::operators::scan::tests::test_compute_varbit_key_cols_mask_no_match ... ok
test dvm::operators::scan::tests::test_diff_scan_basic_columns ... ok
test dvm::operators::scan::tests::test_diff_scan_delete_and_insert_branches ... ok
test dvm::operators::scan::tests::test_diff_scan_error_on_non_scan_node ... ok
test dvm::operators::scan::tests::test_diff_scan_generates_change_table_ref ... ok
test dvm::operators::scan::tests::test_diff_scan_keyless_decomposes_updates ... ok
test dvm::operators::scan::tests::test_diff_scan_keyless_has_delete_and_insert_branches ... ok
test dvm::operators::scan::tests::test_diff_scan_keyless_max_aggregation ... ok
test dvm::operators::scan::tests::test_diff_scan_keyless_never_deduplicated ... ok
test dvm::operators::scan::tests::test_diff_scan_keyless_no_distinct_on ... ok
test dvm::operators::scan::tests::test_diff_scan_keyless_uses_net_counting ... ok
test dvm::operators::scan::tests::test_diff_scan_lsn_filter ... ok
test dvm::operators::scan::tests::test_diff_scan_many_columns ... ok
test dvm::operators::scan::tests::test_diff_scan_merge_safe_dedup ... ok
test dvm::operators::scan::tests::test_diff_scan_pk_based_uses_distinct_on ... ok
test dvm::operators::scan::tests::test_diff_scan_placeholder_mode ... ok
test dvm::operators::scan::tests::test_diff_scan_single_column ... ok
test dvm::operators::scan::tests::test_diff_scan_standard_mode_not_deduplicated ... ok
test dvm::operators::scan::tests::test_diff_scan_transition_columns_preserved ... ok
test dvm::operators::scan::tests::test_diff_scan_transition_delete_only ... ok
test dvm::operators::scan::tests::test_diff_scan_transition_insert_only ... ok
test dvm::operators::scan::tests::test_diff_scan_transition_no_lsn_filter ... ok
test dvm::operators::scan::tests::test_diff_scan_transition_no_tables_emits_empty ... ok
test dvm::operators::scan::tests::test_diff_scan_transition_update ... ok
test dvm::operators::scan::tests::test_diff_scan_transition_uses_row_identity ... ok
test dvm::operators::scan::tests::test_diff_scan_typed_column_refs ... ok
test dvm::operators::scan::tests::test_diff_scan_with_pk_columns ... ok
test dvm::operators::scan::tests::test_diff_scan_without_pk_fallback ... ok
test dvm::operators::scan::tests::test_find_pk_columns_explicit ... ok
test dvm::operators::scan::tests::test_find_pk_columns_fallback_all_columns ... ok
test dvm::operators::scan::tests::test_find_pk_columns_fallback_all_nullable ... ok
test dvm::operators::scan::tests::test_is_predicate_not_pushable_raw ... ok
test dvm::operators::scan::tests::test_is_predicate_not_pushable_wrong_alias ... ok
test dvm::operators::scan::tests::test_is_predicate_pushable_column_ref_qualified ... ok
test dvm::operators::scan::tests::test_is_predicate_pushable_unqualified ... ok
test dvm::operators::scan::tests::test_p2_5_bitmask_filter_in_sql ... ok
test dvm::operators::scan::tests::test_p2_5_bitmask_filter_skipped_for_keyless ... ok
test dvm::operators::scan::tests::test_p2_5_bitmask_filter_skipped_when_all_columns ... ok
test dvm::operators::scan::tests::test_p2_7_no_pushed_filter_without_predicate ... ok
test dvm::operators::scan::tests::test_p2_7_pushed_filter_in_sql ... ok
test dvm::operators::scan::tests::test_rewrite_predicate_for_scan_new ... ok
test dvm::operators::scan::tests::test_rewrite_predicate_for_scan_old ... ok
test dvm::operators::semi_join::tests::prop_diff_semi_join_output_cols_equal_left_cols ... ok
test dvm::operators::semi_join::tests::prop_diff_semi_join_sql_contains_exists ... ok
test dvm::operators::semi_join::tests::test_di6_r_old_key_pushdown_present ... ok
test dvm::operators::semi_join::tests::test_diff_semi_join_ambiguous_column_name ... ok
test dvm::operators::semi_join::tests::test_diff_semi_join_basic ... ok
test dvm::operators::semi_join::tests::test_diff_semi_join_multi_column_condition ... ok
test dvm::operators::semi_join::tests::test_diff_semi_join_nested ... ok
test dvm::operators::semi_join::tests::test_diff_semi_join_output_columns_match_left_only ... ok
test dvm::operators::semi_join::tests::test_diff_semi_join_qualified_no_ambiguity ... ok
test dvm::operators::semi_join::tests::test_diff_semi_join_r_old_cte_materialized ... ok
test dvm::operators::semi_join::tests::test_diff_semi_join_sql_contains_exists ... ok
test dvm::operators::semi_join::tests::test_diff_semi_join_with_left_filter ... ok
test dvm::operators::semi_join::tests::test_diff_semi_join_wrong_node_type ... ok
test dvm::operators::subquery::tests::test_diff_subquery_error_on_non_subquery_node ... ok
test dvm::operators::subquery::tests::test_diff_subquery_no_aliases_transparent ... ok
test dvm::operators::subquery::tests::test_diff_subquery_preserves_dedup_flag ... ok
test dvm::operators::subquery::tests::test_diff_subquery_with_aliases_generates_rename_cte ... ok
test dvm::operators::union_all::tests::test_diff_union_all_empty_children_error ... ok
test dvm::operators::union_all::tests::test_diff_union_all_error_on_non_union_node ... ok
test dvm::operators::union_all::tests::test_diff_union_all_not_deduplicated ... ok
test dvm::operators::union_all::tests::test_diff_union_all_rejects_mismatched_aliases_before_union_sql ... ok
test dvm::operators::union_all::tests::test_diff_union_all_three_children ... ok
test dvm::operators::union_all::tests::test_diff_union_all_two_children ... ok
test dvm::operators::union_all::tests::test_nested_aggregate_project_does_not_leak_count_into_union_schema ... ok
test dvm::operators::vectorized_agg::tests::admits_fixed_width_grouped_algebraic_aggregates ... ok
test dvm::operators::vectorized_agg::tests::fails_closed_with_stable_reasons ... ok
test dvm::operators::vectorized_agg::tests::transparent_identity_project_needs_no_runtime_projection ... ok
test dvm::operators::vectorized_agg::tests::transparent_project_may_only_rename_or_reorder_all_outputs ... ok
test dvm::operators::window::tests::test_diff_window_ambiguous_identity_keeps_partition_replacement ... ok
test dvm::operators::window::tests::test_diff_window_basic ... ok
test dvm::operators::window::tests::test_diff_window_changed_partition_detection ... ok
test dvm::operators::window::tests::test_diff_window_error_on_non_window_node ... ok
test dvm::operators::window::tests::test_diff_window_exact_identity_without_ready_state_recomputes_partition ... ok
test dvm::operators::window::tests::test_diff_window_non_rank_family_keeps_partition_replacement ... ok
test dvm::operators::window::tests::test_diff_window_not_deduplicated ... ok
test dvm::operators::window::tests::test_diff_window_qualified_partition_columns ... ok
test dvm::operators::window::tests::test_diff_window_ready_state_emits_only_real_changes ... ok
test dvm::operators::window::tests::test_diff_window_unpartitioned ... ok
test dvm::parser::rewrites::unit_tests::test_expr_has_aggregate_array_agg ... ok
test dvm::parser::rewrites::unit_tests::test_expr_has_aggregate_avg ... ok
test dvm::parser::rewrites::unit_tests::test_expr_has_aggregate_bool_and ... ok
test dvm::parser::rewrites::unit_tests::test_expr_has_aggregate_bool_or ... ok
test dvm::parser::rewrites::unit_tests::test_expr_has_aggregate_count ... ok
test dvm::parser::rewrites::unit_tests::test_expr_has_aggregate_every ... ok
test dvm::parser::rewrites::unit_tests::test_expr_has_aggregate_false_for_plain_col ... ok
test dvm::parser::rewrites::unit_tests::test_expr_has_aggregate_false_for_window ... ok
test dvm::parser::rewrites::unit_tests::test_expr_has_aggregate_max ... ok
test dvm::parser::rewrites::unit_tests::test_expr_has_aggregate_min ... ok
test dvm::parser::rewrites::unit_tests::test_expr_has_aggregate_string_agg ... ok
test dvm::parser::rewrites::unit_tests::test_expr_has_aggregate_sum ... ok
test dvm::parser::rewrites::unit_tests::test_strip_qualifier_dot_at_start ... ok
test dvm::parser::rewrites::unit_tests::test_strip_qualifier_empty_string ... ok
test dvm::parser::rewrites::unit_tests::test_strip_qualifier_schema_table_col ... ok
test dvm::parser::rewrites::unit_tests::test_strip_qualifier_single_dot ... ok
test dvm::parser::rewrites::unit_tests::test_strip_qualifier_unqualified ... ok
test dvm::parser::rewrites::unit_tests::test_word_boundary_absent ... ok
test dvm::parser::rewrites::unit_tests::test_word_boundary_at_end ... ok
test dvm::parser::rewrites::unit_tests::test_word_boundary_at_start ... ok
test dvm::parser::rewrites::unit_tests::test_word_boundary_distinct_in_distinct_on ... ok
test dvm::parser::rewrites::unit_tests::test_word_boundary_empty_text ... ok
test dvm::parser::rewrites::unit_tests::test_word_boundary_empty_word ... ok
test dvm::parser::rewrites::unit_tests::test_word_boundary_exact_string ... ok
test dvm::parser::rewrites::unit_tests::test_word_boundary_partial_prefix ... ok
test dvm::parser::rewrites::unit_tests::test_word_boundary_present ... ok
test dvm::parser::rewrites::unit_tests::test_word_boundary_underscore_adjacent_not_boundary ... ok
test dvm::parser::rewrites::unit_tests::test_word_boundary_with_comma_separator ... ok
test dvm::parser::rewrites::unit_tests::test_word_boundary_with_paren_separator ... ok
test dvm::parser::sublinks::having::tests::test_is_star_only_empty_exprs ... ok
test dvm::parser::sublinks::having::tests::test_is_star_only_multiple_exprs ... ok
test dvm::parser::sublinks::having::tests::test_is_star_only_non_star_expr ... ok
test dvm::parser::sublinks::having::tests::test_is_star_only_qualified_star_is_not_star_only ... ok
test dvm::parser::sublinks::having::tests::test_is_star_only_single_star ... ok
test dvm::parser::sublinks::having::tests::test_rewrite_having_expr_binary_op_recurses ... ok
test dvm::parser::sublinks::having::tests::test_rewrite_having_expr_count_star_rewritten ... ok
test dvm::parser::sublinks::having::tests::test_rewrite_having_expr_literal_passes_through ... ok
test dvm::parser::sublinks::having::tests::test_rewrite_having_expr_no_match_unchanged ... ok
test dvm::parser::sublinks::having::tests::test_rewrite_having_expr_sum_with_arg_rewritten ... ok
test dvm::parser::sublinks::tests::test_aggregate_target_projection_restores_constant_position ... ok
test dvm::parser::sublinks::tests::test_collect_tree_source_aliases_filter_over_scan ... ok
test dvm::parser::sublinks::tests::test_collect_tree_source_aliases_inner_join ... ok
test dvm::parser::sublinks::tests::test_collect_tree_source_aliases_single_scan ... ok
test dvm::parser::sublinks::tests::test_collect_tree_source_aliases_subquery ... ok
test dvm::parser::sublinks::tests::test_extract_bare_scalar_subquery_sql_case_insensitive ... ok
test dvm::parser::sublinks::tests::test_extract_bare_scalar_subquery_sql_empty ... ok
test dvm::parser::sublinks::tests::test_extract_bare_scalar_subquery_sql_no_parens ... ok
test dvm::parser::sublinks::tests::test_extract_bare_scalar_subquery_sql_not_a_select ... ok
test dvm::parser::sublinks::tests::test_extract_bare_scalar_subquery_sql_only_open_paren ... ok
test dvm::parser::sublinks::tests::test_extract_bare_scalar_subquery_sql_valid ... ok
test dvm::parser::sublinks::tests::test_extract_bare_scalar_subquery_sql_with_whitespace ... ok
test dvm::parser::sublinks::tests::test_is_known_aggregate_basic_aggregates ... ok
test dvm::parser::sublinks::tests::test_is_known_aggregate_ordered_set ... ok
test dvm::parser::sublinks::tests::test_is_known_aggregate_range_aggregates ... ok
test dvm::parser::sublinks::tests::test_is_known_aggregate_statistical ... ok
test dvm::parser::sublinks::tests::test_is_known_aggregate_string_aggregates ... ok
test dvm::parser::sublinks::tests::test_is_known_aggregate_unknown_function ... ok
test dvm::parser::sublinks::tests::test_is_star_only_empty_exprs ... ok
test dvm::parser::sublinks::tests::test_is_star_only_multiple_exprs ... ok
test dvm::parser::sublinks::tests::test_is_star_only_non_star_expr ... ok
test dvm::parser::sublinks::tests::test_is_star_only_qualified_star_is_not_star_only ... ok
test dvm::parser::sublinks::tests::test_is_star_only_single_star ... ok
test dvm::parser::sublinks::tests::test_multi_column_in_builds_eq_chain ... ok
test dvm::parser::sublinks::tests::test_rewrite_having_expr_binary_op_recurses ... ok
test dvm::parser::sublinks::tests::test_rewrite_having_expr_count_star_rewritten ... ok
test dvm::parser::sublinks::tests::test_rewrite_having_expr_literal_passes_through ... ok
test dvm::parser::sublinks::tests::test_rewrite_having_expr_no_match_unchanged ... ok
test dvm::parser::sublinks::tests::test_rewrite_having_expr_sum_with_arg_rewritten ... ok
test dvm::parser::sublinks::tests::test_split_exists_correlation_and_conjunction_splits ... ok
test dvm::parser::sublinks::tests::test_split_exists_correlation_non_correlation_kept_as_remaining ... ok
test dvm::parser::sublinks::tests::test_split_exists_correlation_simple_equality ... ok
test dvm::parser::tests::test_agg_avg_is_algebraic_via_aux ... ok
test dvm::parser::tests::test_agg_func_sql_names ... ok
test dvm::parser::tests::test_agg_group_rescan_array_agg_needs_rescan ... ok
test dvm::parser::tests::test_agg_group_rescan_bool_and_needs_rescan ... ok
test dvm::parser::tests::test_agg_group_rescan_count_is_algebraic ... ok
test dvm::parser::tests::test_agg_group_rescan_max_is_algebraic ... ok
test dvm::parser::tests::test_agg_group_rescan_min_is_algebraic ... ok
test dvm::parser::tests::test_agg_group_rescan_mode_needs_rescan ... ok
test dvm::parser::tests::test_agg_group_rescan_stddev_pop_needs_rescan ... ok
test dvm::parser::tests::test_agg_group_rescan_string_agg_needs_rescan ... ok
test dvm::parser::tests::test_agg_group_rescan_sum_is_algebraic ... ok
test dvm::parser::tests::test_aggregate_alias ... ok
test dvm::parser::tests::test_aggregate_output_columns ... ok
test dvm::parser::tests::test_aggregate_qualified_group_by_output ... ok
test dvm::parser::tests::test_aggregate_source_oids_delegates ... ok
test dvm::parser::tests::test_anti_join_alias ... ok
test dvm::parser::tests::test_anti_join_node_kind ... ok
test dvm::parser::tests::test_anti_join_output_columns ... ok
test dvm::parser::tests::test_check_ivm_support_allows_join_with_union_child ... ok
test dvm::parser::tests::test_check_ivm_support_allows_max_aggregate ... ok
test dvm::parser::tests::test_check_ivm_support_allows_min_aggregate ... ok
test dvm::parser::tests::test_check_ivm_support_allows_nested_join ... ok
test dvm::parser::tests::test_check_ivm_support_anti_join ... ok
test dvm::parser::tests::test_check_ivm_support_join_with_filter_children ... ok
test dvm::parser::tests::test_check_ivm_support_left_join_nested_allowed ... ok
test dvm::parser::tests::test_check_ivm_support_nested_semi_join ... ok
test dvm::parser::tests::test_check_ivm_support_rejects_distinct_count ... ok
test dvm::parser::tests::test_check_ivm_support_scalar_subquery ... ok
test dvm::parser::tests::test_check_ivm_support_scan ... ok
test dvm::parser::tests::test_check_ivm_support_semi_join ... ok
test dvm::parser::tests::test_check_ivm_support_simple_join ... ok
test dvm::parser::tests::test_check_ivm_support_subquery ... ok
test dvm::parser::tests::test_check_ivm_support_subquery_with_aggregate ... ok
test dvm::parser::tests::test_check_ivm_support_supported_operators ... ok
test dvm::parser::tests::test_check_ivm_support_union_all_with_min_child ... ok
test dvm::parser::tests::test_check_ivm_support_with_registry_cte_body_min_accepted ... ok
test dvm::parser::tests::test_check_ivm_support_with_registry_valid ... ok
test dvm::parser::tests::test_collect_tree_source_aliases_join ... ok
test dvm::parser::tests::test_collect_tree_source_aliases_scan ... ok
test dvm::parser::tests::test_collect_volatilities_binary_op_with_func_operand ... ok
test dvm::parser::tests::test_collect_volatilities_coalesce_skips_lookup ... ok
test dvm::parser::tests::test_collect_volatilities_coalesce_with_volatile_arg ... ok
test dvm::parser::tests::test_collect_volatilities_column_ref_stays_immutable ... ok
test dvm::parser::tests::test_collect_volatilities_greatest_least_skip_lookup ... ok
test dvm::parser::tests::test_collect_volatilities_nested_binary_ops_immutable ... ok
test dvm::parser::tests::test_collect_volatilities_no_func_calls ... ok
test dvm::parser::tests::test_collect_volatilities_normal_func_is_volatile ... ok
test dvm::parser::tests::test_collect_volatilities_nullif_skips_lookup ... ok
test dvm::parser::tests::test_collect_volatilities_star_stays_immutable ... ok
test dvm::parser::tests::test_compute_grouping_value_empty_args ... ok
test dvm::parser::tests::test_compute_grouping_value_single_in_set ... ok
test dvm::parser::tests::test_compute_grouping_value_single_not_in_set ... ok
test dvm::parser::tests::test_compute_grouping_value_three_args_mixed ... ok
test dvm::parser::tests::test_compute_grouping_value_two_args_both_grouped ... ok
test dvm::parser::tests::test_compute_grouping_value_two_args_first_not_grouped ... ok
test dvm::parser::tests::test_compute_grouping_value_two_args_neither_grouped ... ok
test dvm::parser::tests::test_compute_grouping_value_two_args_second_not_grouped ... ok
test dvm::parser::tests::test_contains_word_boundary_at_start_end ... ok
test dvm::parser::tests::test_contains_word_boundary_basic ... ok
test dvm::parser::tests::test_contains_word_boundary_no_match_substring ... ok
test dvm::parser::tests::test_contains_word_boundary_not_found ... ok
test dvm::parser::tests::test_contains_word_boundary_with_operators ... ok
test dvm::parser::tests::test_correlation_extraction_and_conjunction ... ok
test dvm::parser::tests::test_correlation_extraction_both_inner ... ok
test dvm::parser::tests::test_correlation_extraction_compound ... ok
test dvm::parser::tests::test_correlation_extraction_no_inner_alias_match ... ok
test dvm::parser::tests::test_correlation_extraction_reversed_order ... ok
test dvm::parser::tests::test_correlation_extraction_simple_equality ... ok
test dvm::parser::tests::test_cross_join_construction ... ok
test dvm::parser::tests::test_cross_join_is_inner_join_with_true_condition ... ok
test dvm::parser::tests::test_cross_join_output_columns_combines_both_sides ... ok
test dvm::parser::tests::test_cte_chain_in_registry ... ok
test dvm::parser::tests::test_cte_parse_context_basic ... ok
test dvm::parser::tests::test_cte_parse_context_descend_ascend_round_trip ... ok
test dvm::parser::tests::test_cte_parse_context_descend_exceeds_limit ... ok
test dvm::parser::tests::test_cte_parse_context_descend_within_limit ... ok
test dvm::parser::tests::test_cte_registry_get ... ok
test dvm::parser::tests::test_cte_registry_source_oids ... ok
test dvm::parser::tests::test_cte_scan_alias ... ok
test dvm::parser::tests::test_cte_scan_def_aliases_no_ref_aliases_no_body_match ... ok
test dvm::parser::tests::test_cte_scan_ivm_support ... ok
test dvm::parser::tests::test_cte_scan_output_columns_no_aliases ... ok
test dvm::parser::tests::test_cte_scan_output_columns_ref_aliases_override_def_aliases ... ok
test dvm::parser::tests::test_cte_scan_output_columns_with_aliases ... ok
test dvm::parser::tests::test_cte_scan_output_columns_with_def_aliases_only ... ok
test dvm::parser::tests::test_cte_scan_source_oids_empty ... ok
test dvm::parser::tests::test_distinct_alias ... ok
test dvm::parser::tests::test_distinct_around_union_all_alias ... ok
test dvm::parser::tests::test_distinct_output_columns_delegates ... ok
test dvm::parser::tests::test_distinct_source_oids_delegates ... ok
test dvm::parser::tests::test_distinct_union_all_output_columns_from_first_child ... ok
test dvm::parser::tests::test_distinct_union_all_source_oids_combined ... ok
test dvm::parser::tests::test_distinct_wraps_union_all_for_dedup_union ... ok
test dvm::parser::tests::test_expr_binary_op ... ok
test dvm::parser::tests::test_expr_binary_op_nested ... ok
test dvm::parser::tests::test_expr_column_ref_qualified ... ok
test dvm::parser::tests::test_expr_column_ref_unqualified ... ok
test dvm::parser::tests::test_expr_func_call_no_args ... ok
test dvm::parser::tests::test_expr_func_call_with_args ... ok
test dvm::parser::tests::test_expr_funccall_coalesce_format ... ok
test dvm::parser::tests::test_expr_funccall_greatest_least_format ... ok
test dvm::parser::tests::test_expr_funccall_nullif_format ... ok
test dvm::parser::tests::test_expr_literal ... ok
test dvm::parser::tests::test_expr_literal_string ... ok
test dvm::parser::tests::test_expr_output_name_binary_op_returns_sql ... ok
test dvm::parser::tests::test_expr_output_name_func_call_returns_sql ... ok
test dvm::parser::tests::test_expr_output_name_literal_returns_value ... ok
test dvm::parser::tests::test_expr_output_name_qualified_column_strips_table ... ok
test dvm::parser::tests::test_expr_output_name_unqualified_column ... ok
test dvm::parser::tests::test_expr_raw ... ok
test dvm::parser::tests::test_expr_raw_array_format ... ok
test dvm::parser::tests::test_expr_raw_between_format ... ok
test dvm::parser::tests::test_expr_raw_boolean_test_format ... ok
test dvm::parser::tests::test_expr_raw_in_list_format ... ok
test dvm::parser::tests::test_expr_raw_indirection_array_subscript ... ok
test dvm::parser::tests::test_expr_raw_indirection_field_access ... ok
test dvm::parser::tests::test_expr_raw_indirection_star ... ok
test dvm::parser::tests::test_expr_raw_is_distinct_from_format ... ok
test dvm::parser::tests::test_expr_raw_row_format ... ok
test dvm::parser::tests::test_expr_raw_sql_value_function_format ... ok
test dvm::parser::tests::test_expr_raw_to_sql_preserves_content ... ok
test dvm::parser::tests::test_expr_star_qualified ... ok
test dvm::parser::tests::test_expr_star_unqualified ... ok
test dvm::parser::tests::test_filter_alias ... ok
test dvm::parser::tests::test_filter_output_columns_delegates_to_child ... ok
test dvm::parser::tests::test_filter_source_oids_delegates ... ok
test dvm::parser::tests::test_full_join_nullable_key_uses_stable_ids_but_keyless_storage ... ok
test dvm::parser::tests::test_group_by_columns_aggregate_with_groups ... ok
test dvm::parser::tests::test_group_by_columns_project_ordinal_group_by ... ok
test dvm::parser::tests::test_group_by_columns_project_renames_columns ... ok
test dvm::parser::tests::test_group_by_columns_scalar_aggregate ... ok
test dvm::parser::tests::test_group_by_columns_scan_returns_none ... ok
test dvm::parser::tests::test_group_by_columns_through_project ... ok
test dvm::parser::tests::test_group_by_columns_through_subquery ... ok
test dvm::parser::tests::test_grouping_set_kind_cube_name ... ok
test dvm::parser::tests::test_grouping_set_kind_rollup_name ... ok
test dvm::parser::tests::test_grouping_set_kind_sets_name ... ok
test dvm::parser::tests::test_grouping_set_node_tag_value ... ok
test dvm::parser::tests::test_having_expr_column_ref_passthrough ... ok
test dvm::parser::tests::test_having_expr_no_match_keeps_func_call ... ok
test dvm::parser::tests::test_having_expr_rewrite_avg_to_alias ... ok
test dvm::parser::tests::test_having_expr_rewrite_case_insensitive ... ok
test dvm::parser::tests::test_having_expr_rewrite_count_star_to_alias ... ok
test dvm::parser::tests::test_having_expr_rewrite_multiple_aggs ... ok
test dvm::parser::tests::test_having_expr_rewrite_sum_to_alias ... ok
test dvm::parser::tests::test_inner_join_alias ... ok
test dvm::parser::tests::test_inner_join_output_columns_combines_both ... ok
test dvm::parser::tests::test_is_known_aggregate_bitwise ... ok
test dvm::parser::tests::test_is_known_aggregate_boolean ... ok
test dvm::parser::tests::test_is_known_aggregate_json_and_array ... ok
test dvm::parser::tests::test_is_known_aggregate_ordered_set ... ok
test dvm::parser::tests::test_is_known_aggregate_regression ... ok
test dvm::parser::tests::test_is_known_aggregate_statistical ... ok
test dvm::parser::tests::test_is_known_aggregate_supported_five ... ok
test dvm::parser::tests::test_is_known_aggregate_unknown_returns_false ... ok
test dvm::parser::tests::test_is_known_aggregate_window_ranking ... ok
test dvm::parser::tests::test_is_star_only_false_column ... ok
test dvm::parser::tests::test_is_star_only_false_empty ... ok
test dvm::parser::tests::test_is_star_only_false_multiple ... ok
test dvm::parser::tests::test_is_star_only_false_qualified ... ok
test dvm::parser::tests::test_is_star_only_true ... ok
test dvm::parser::tests::test_ivm_support_recursive_cte ... ok
test dvm::parser::tests::test_ivm_support_recursive_self_ref ... ok
test dvm::parser::tests::test_join_and_predicates_multiple ... ok
test dvm::parser::tests::test_join_and_predicates_single ... ok
test dvm::parser::tests::test_join_pk_aliases_both_sides_have_pk ... ok
test dvm::parser::tests::test_join_pk_aliases_nested_aggregate_uses_many_to_one_key ... ok
test dvm::parser::tests::test_join_pk_aliases_non_join_returns_none ... ok
test dvm::parser::tests::test_join_pk_aliases_one_side_missing_pk_returns_none ... ok
test dvm::parser::tests::test_join_pk_expr_indices_inner_join ... ok
test dvm::parser::tests::test_join_pk_expr_indices_non_join ... ok
test dvm::parser::tests::test_join_source_oids_combines ... ok
test dvm::parser::tests::test_left_join_alias ... ok
test dvm::parser::tests::test_left_join_output_columns_combines_both ... ok
test dvm::parser::tests::test_left_join_source_oids_combines ... ok
test dvm::parser::tests::test_lookup_operator_volatility_stub_returns_immutable ... ok
test dvm::parser::tests::test_max_volatility_ordering ... ok
test dvm::parser::tests::test_multi_partition_row_marker_join ... ok
test dvm::parser::tests::test_multi_reference_cte_same_id ... ok
test dvm::parser::tests::test_needs_pgt_count_aggregate ... ok
test dvm::parser::tests::test_needs_pgt_count_distinct ... ok
test dvm::parser::tests::test_needs_pgt_count_distinct_wrapping_union_all ... ok
test dvm::parser::tests::test_needs_pgt_count_project_false ... ok
test dvm::parser::tests::test_needs_pgt_count_scan_false ... ok
test dvm::parser::tests::test_nested_cross_join_structure ... ok
test dvm::parser::tests::test_nested_subqueries ... ok
test dvm::parser::tests::test_nested_tree_source_oids ... ok
test dvm::parser::tests::test_node_kind_all_variants ... ok
test dvm::parser::tests::test_or_arm_string_replacement ... ok
test dvm::parser::tests::test_output_columns_aggregate ... ok
test dvm::parser::tests::test_output_columns_distinct ... ok
test dvm::parser::tests::test_output_columns_filter_passthrough ... ok
test dvm::parser::tests::test_output_columns_inner_join ... ok
test dvm::parser::tests::test_output_columns_project ... ok
test dvm::parser::tests::test_output_columns_scan ... ok
test dvm::parser::tests::test_output_columns_semi_join_left_only ... ok
test dvm::parser::tests::test_output_columns_union_all ... ok
test dvm::parser::tests::test_output_name_binary_op ... ok
test dvm::parser::tests::test_output_name_column_ref_qualified ... ok
test dvm::parser::tests::test_output_name_column_ref_unqualified ... ok
test dvm::parser::tests::test_output_name_func_call ... ok
test dvm::parser::tests::test_output_name_literal ... ok
test dvm::parser::tests::test_parse_result_has_recursion_false_by_default ... ok
test dvm::parser::tests::test_parse_result_has_recursion_flag_preserved_on_clone ... ok
test dvm::parser::tests::test_parse_result_has_recursion_true ... ok
test dvm::parser::tests::test_parse_result_struct ... ok
test dvm::parser::tests::test_project_alias ... ok
test dvm::parser::tests::test_project_output_columns ... ok
test dvm::parser::tests::test_project_source_oids_delegates ... ok
test dvm::parser::tests::test_prune_scan_columns_aggregate ... ok
test dvm::parser::tests::test_prune_scan_columns_filter_refs ... ok
test dvm::parser::tests::test_prune_scan_columns_join_condition ... ok
test dvm::parser::tests::test_prune_scan_columns_keeps_pk ... ok
test dvm::parser::tests::test_prune_scan_columns_project_qualified ... ok
test dvm::parser::tests::test_prune_scan_columns_raw_skips_pruning ... ok
test dvm::parser::tests::test_prune_scan_columns_star_skips_pruning ... ok
test dvm::parser::tests::test_prune_scan_columns_unqualified_ref_matches_all_scans ... ok
test dvm::parser::tests::test_push_filter_no_cross_join_passthrough ... ok
test dvm::parser::tests::test_push_filter_preserves_single_table_predicate ... ok
test dvm::parser::tests::test_push_filter_three_table_cross_join ... ok
test dvm::parser::tests::test_push_filter_two_table_cross_join ... ok
test dvm::parser::tests::test_push_filter_unqualified_columns ... ok
test dvm::parser::tests::test_range_table_sample_node_tag_value ... ok
test dvm::parser::tests::test_recursive_cte_alias ... ok
test dvm::parser::tests::test_recursive_cte_output_columns ... ok
test dvm::parser::tests::test_recursive_cte_source_oids ... ok
test dvm::parser::tests::test_recursive_cte_source_oids_multiple_tables ... ok
test dvm::parser::tests::test_recursive_cte_source_oids_no_self_ref ... ok
test dvm::parser::tests::test_recursive_self_ref_alias ... ok
test dvm::parser::tests::test_recursive_self_ref_output_columns ... ok
test dvm::parser::tests::test_resolves_to_base_table_aggregate_false ... ok
test dvm::parser::tests::test_resolves_to_base_table_cte_scan ... ok
test dvm::parser::tests::test_resolves_to_base_table_filter_over_scan ... ok
test dvm::parser::tests::test_resolves_to_base_table_join_false ... ok
test dvm::parser::tests::test_resolves_to_base_table_project_over_scan ... ok
test dvm::parser::tests::test_resolves_to_base_table_recursive_self_ref ... ok
test dvm::parser::tests::test_resolves_to_base_table_scan ... ok
test dvm::parser::tests::test_resolves_to_base_table_subquery_over_scan ... ok
test dvm::parser::tests::test_resolves_to_base_table_union_false ... ok
test dvm::parser::tests::test_rewrite_aliases_binary_op_recursive ... ok
test dvm::parser::tests::test_rewrite_aliases_column_ref_left ... ok
test dvm::parser::tests::test_rewrite_aliases_column_ref_right ... ok
test dvm::parser::tests::test_rewrite_aliases_func_call_recursive ... ok
test dvm::parser::tests::test_rewrite_aliases_literal_unchanged ... ok
test dvm::parser::tests::test_rewrite_aliases_unknown_alias_unchanged ... ok
test dvm::parser::tests::test_rewrite_aliases_unqualified_unchanged ... ok
test dvm::parser::tests::test_row_id_key_columns_aggregate_with_group_by ... ok
test dvm::parser::tests::test_row_id_key_columns_cte_scan_returns_columns ... ok
test dvm::parser::tests::test_row_id_key_columns_distinct_returns_all ... ok
test dvm::parser::tests::test_row_id_key_columns_filter_delegates ... ok
test dvm::parser::tests::test_row_id_key_columns_nested_join_projection_uses_retained_key ... ok
test dvm::parser::tests::test_row_id_key_columns_project_filter_keyless_scan_uses_output ... ok
test dvm::parser::tests::test_row_id_key_columns_project_filter_scan_pk_not_projected_returns_none ... ok
test dvm::parser::tests::test_row_id_key_columns_project_filter_scan_where_not_in_select ... ok
test dvm::parser::tests::test_row_id_key_columns_project_maps_reordered_composite_key ... ok
test dvm::parser::tests::test_row_id_key_columns_project_uses_computed_mdm_source_key ... ok
test dvm::parser::tests::test_row_id_key_columns_scalar_aggregate_returns_empty_identity ... ok
test dvm::parser::tests::test_row_id_key_columns_scan_all_nullable ... ok
test dvm::parser::tests::test_row_id_key_columns_scan_with_non_nullable ... ok
test dvm::parser::tests::test_row_id_key_columns_scan_with_pk_columns ... ok
test dvm::parser::tests::test_row_id_key_columns_subquery_delegates ... ok
test dvm::parser::tests::test_row_id_key_columns_window_returns_none ... ok
test dvm::parser::tests::test_scalar_subquery_alias ... ok
test dvm::parser::tests::test_scalar_subquery_extract_creation ... ok
test dvm::parser::tests::test_scalar_subquery_node_kind ... ok
test dvm::parser::tests::test_scalar_subquery_output_columns ... ok
test dvm::parser::tests::test_scalar_subquery_source_oids ... ok
test dvm::parser::tests::test_scalar_subquery_where_replacement ... ok
test dvm::parser::tests::test_scan_alias ... ok
test dvm::parser::tests::test_scan_output_columns ... ok
test dvm::parser::tests::test_scan_pk_columns_all_nullable_returns_all ... ok
test dvm::parser::tests::test_scan_pk_columns_fallback_non_nullable ... ok
test dvm::parser::tests::test_scan_pk_columns_filter_delegates ... ok
test dvm::parser::tests::test_scan_pk_columns_nested_aggregate_cte_delegates ... ok
test dvm::parser::tests::test_scan_pk_columns_non_scan_returns_empty ... ok
test dvm::parser::tests::test_scan_pk_columns_with_pks ... ok
test dvm::parser::tests::test_scan_source_oids ... ok
test dvm::parser::tests::test_semi_join_alias ... ok
test dvm::parser::tests::test_semi_join_needs_pgt_count_false ... ok
test dvm::parser::tests::test_semi_join_node_kind ... ok
test dvm::parser::tests::test_semi_join_output_columns ... ok
test dvm::parser::tests::test_semi_join_row_id_key_columns_is_none ... ok
test dvm::parser::tests::test_semi_join_source_oids ... ok
test dvm::parser::tests::test_source_key_columns_aggregate_group_by ... ok
test dvm::parser::tests::test_source_key_columns_aggregate_with_filter ... ok
test dvm::parser::tests::test_source_key_columns_filter_where ... ok
test dvm::parser::tests::test_source_key_columns_inner_join ... ok
test dvm::parser::tests::test_source_key_columns_scan_only_no_keys ... ok
test dvm::parser::tests::test_source_oids_cte_scan_empty ... ok
test dvm::parser::tests::test_source_oids_filter_passthrough ... ok
test dvm::parser::tests::test_source_oids_join ... ok
test dvm::parser::tests::test_source_oids_recursive_self_ref_empty ... ok
test dvm::parser::tests::test_source_oids_single_scan ... ok
test dvm::parser::tests::test_source_oids_union_all ... ok
test dvm::parser::tests::test_split_and_flat_and ... ok
test dvm::parser::tests::test_split_and_nested_and ... ok
test dvm::parser::tests::test_split_and_non_and_operator_not_split ... ok
test dvm::parser::tests::test_split_and_roundtrip ... ok
test dvm::parser::tests::test_split_and_single_predicate ... ok
test dvm::parser::tests::test_split_exists_correlation_multi_key ... ok
test dvm::parser::tests::test_split_exists_correlation_no_correlation ... ok
test dvm::parser::tests::test_split_exists_correlation_reversed ... ok
test dvm::parser::tests::test_split_exists_correlation_simple ... ok
test dvm::parser::tests::test_split_exists_correlation_with_inner_only ... ok
test dvm::parser::tests::test_strip_order_by_fetch_first ... ok
test dvm::parser::tests::test_strip_order_by_no_order_by ... ok
test dvm::parser::tests::test_strip_order_by_preserves_subquery_order ... ok
test dvm::parser::tests::test_strip_order_by_simple ... ok
test dvm::parser::tests::test_strip_order_by_trailing_semicolon ... ok
test dvm::parser::tests::test_strip_order_by_with_offset ... ok
test dvm::parser::tests::test_strip_order_by_with_string_literal ... ok
test dvm::parser::tests::test_strip_qualifier_binary_op_recursive ... ok
test dvm::parser::tests::test_strip_qualifier_column_ref ... ok
test dvm::parser::tests::test_strip_qualifier_func_call_recursive ... ok
test dvm::parser::tests::test_strip_qualifier_literal_unchanged ... ok
test dvm::parser::tests::test_strip_qualifier_raw_unchanged ... ok
test dvm::parser::tests::test_strip_qualifier_star_unchanged ... ok
test dvm::parser::tests::test_strip_qualifier_unqualified_unchanged ... ok
test dvm::parser::tests::test_strip_view_definition_suffix_empty_string ... ok
test dvm::parser::tests::test_strip_view_definition_suffix_no_semicolon ... ok
test dvm::parser::tests::test_strip_view_definition_suffix_only_semicolons ... ok
test dvm::parser::tests::test_strip_view_definition_suffix_preserves_interior_semicolons ... ok
test dvm::parser::tests::test_strip_view_definition_suffix_with_semicolon ... ok
test dvm::parser::tests::test_strip_view_definition_suffix_with_whitespace_and_semicolon ... ok
test dvm::parser::tests::test_subquery_alias ... ok
test dvm::parser::tests::test_subquery_in_join ... ok
test dvm::parser::tests::test_subquery_output_columns_no_aliases ... ok
test dvm::parser::tests::test_subquery_output_columns_with_aliases ... ok
test dvm::parser::tests::test_subquery_source_oids_delegates ... ok
test dvm::parser::tests::test_subquery_source_oids_nested ... ok
test dvm::parser::tests::test_tree_collect_volatility_filter_no_funcs ... ok
test dvm::parser::tests::test_tree_collect_volatility_scan_only ... ok
test dvm::parser::tests::test_union_all_alias ... ok
test dvm::parser::tests::test_union_all_empty_children ... ok
test dvm::parser::tests::test_union_all_output_columns_uses_first_child ... ok
test dvm::parser::tests::test_union_all_produces_union_all_node ... ok
test dvm::parser::tests::test_union_all_source_oids_collects_all ... ok
test dvm::parser::tests::test_unwrap_transparent_filter ... ok
test dvm::parser::tests::test_unwrap_transparent_join_not_unwrapped ... ok
test dvm::parser::tests::test_unwrap_transparent_nested ... ok
test dvm::parser::tests::test_unwrap_transparent_non_transparent ... ok
test dvm::parser::tests::test_unwrap_transparent_subquery ... ok
test dvm::parser::tests::test_window_alias ... ok
test dvm::parser::tests::test_window_expr_multiple_partitions_and_order ... ok
test dvm::parser::tests::test_window_expr_nulls_first_ascending ... ok
test dvm::parser::tests::test_window_expr_nulls_first_descending_no_suffix ... ok
test dvm::parser::tests::test_window_expr_to_sql_empty_args_empty_partition_with_frame ... ok
test dvm::parser::tests::test_window_expr_to_sql_empty_over ... ok
test dvm::parser::tests::test_window_expr_to_sql_frame_clause_none_omitted ... ok
test dvm::parser::tests::test_window_expr_to_sql_multiple_order_by ... ok
test dvm::parser::tests::test_window_expr_to_sql_rank_no_partition ... ok
test dvm::parser::tests::test_window_expr_to_sql_row_number ... ok
test dvm::parser::tests::test_window_expr_to_sql_sum_over ... ok
test dvm::parser::tests::test_window_expr_to_sql_with_groups_frame ... ok
test dvm::parser::tests::test_window_expr_to_sql_with_range_frame ... ok
test dvm::parser::tests::test_window_expr_to_sql_with_rows_frame ... ok
test dvm::parser::tests::test_window_info_partition_key_grouping ... ok
test dvm::parser::tests::test_window_ivm_support ... ok
test dvm::parser::tests::test_window_output_columns ... ok
test dvm::parser::tests::test_window_output_columns_multiple_wf ... ok
test dvm::parser::tests::test_window_source_oids ... ok
test dvm::parser::tests::test_window_source_oids_with_join_child ... ok
test dvm::parser::types::classify_agg_strategy_tests::test_array_agg_is_group_rescan ... ok
test dvm::parser::types::classify_agg_strategy_tests::test_avg_is_algebraic_via_aux ... ok
test dvm::parser::types::classify_agg_strategy_tests::test_bool_and_is_group_rescan ... ok
test dvm::parser::types::classify_agg_strategy_tests::test_corr_is_algebraic_via_aux ... ok
test dvm::parser::types::classify_agg_strategy_tests::test_count_is_algebraic_invertible ... ok
test dvm::parser::types::classify_agg_strategy_tests::test_count_star_is_algebraic_invertible ... ok
test dvm::parser::types::classify_agg_strategy_tests::test_distinct_count_is_group_rescan ... ok
test dvm::parser::types::classify_agg_strategy_tests::test_distinct_sum_is_group_rescan ... ok
test dvm::parser::types::classify_agg_strategy_tests::test_json_agg_is_group_rescan ... ok
test dvm::parser::types::classify_agg_strategy_tests::test_max_is_semi_algebraic ... ok
test dvm::parser::types::classify_agg_strategy_tests::test_min_is_semi_algebraic ... ok
test dvm::parser::types::classify_agg_strategy_tests::test_mode_is_group_rescan ... ok
test dvm::parser::types::classify_agg_strategy_tests::test_stddev_pop_is_algebraic_via_aux ... ok
test dvm::parser::types::classify_agg_strategy_tests::test_string_agg_is_group_rescan ... ok
test dvm::parser::types::classify_agg_strategy_tests::test_sum_is_algebraic_invertible ... ok
test dvm::parser::types::classify_agg_strategy_tests::test_user_defined_is_group_rescan ... ok
test dvm::parser::types::expr_sql_tests::to_sql_escapes_quoted_alias_and_column_without_changing_sql ... ok
test dvm::parser::types::is_all_algebraic_agg_tests::test_aggregate_under_project_returns_true ... ok
test dvm::parser::types::is_all_algebraic_agg_tests::test_all_invertible_returns_true ... ok
test dvm::parser::types::is_all_algebraic_agg_tests::test_avg_via_aux_returns_true ... ok
test dvm::parser::types::is_all_algebraic_agg_tests::test_min_semi_algebraic_returns_false ... ok
test dvm::parser::types::is_all_algebraic_agg_tests::test_no_aggregate_returns_false ... ok
test dvm::parser::types::is_all_algebraic_agg_tests::test_string_agg_group_rescan_returns_false ... ok
test dvm::parser::types::statistical_accumulator_type_tests::test_statistical_accumulator_type_corr_float8 ... ok
test dvm::parser::types::statistical_accumulator_type_tests::test_statistical_accumulator_type_rejects_unsupported_signature ... ok
test dvm::parser::types::statistical_accumulator_type_tests::test_statistical_accumulator_type_stddev_numeric ... ok
test dvm::parser::validation::distinct_aggregate_admission_tests::test_count_distinct_simple_scalar_is_admitted ... ok
test dvm::parser::validation::distinct_aggregate_admission_tests::test_distinct_aggregate_over_join_is_full_only ... ok
test dvm::parser::validation::distinct_aggregate_admission_tests::test_distinct_expression_argument_is_full_only ... ok
test dvm::parser::validation::distinct_aggregate_admission_tests::test_distinct_filter_is_full_only ... ok
test dvm::parser::validation::distinct_aggregate_admission_tests::test_distinct_text_argument_is_full_only ... ok
test dvm::parser::validation::distinct_aggregate_admission_tests::test_sum_distinct_numeric_with_where_is_admitted ... ok
test dvm::parser::validation::monotonicity_tests::test_admission_matrix_full_auto_and_explicit_modes ... ok
test dvm::parser::validation::monotonicity_tests::test_aggregate_is_not_monotone ... ok
test dvm::parser::validation::monotonicity_tests::test_anti_join_is_not_monotone ... ok
test dvm::parser::validation::monotonicity_tests::test_distinct_is_monotone ... ok
test dvm::parser::validation::monotonicity_tests::test_except_is_not_monotone ... ok
test dvm::parser::validation::monotonicity_tests::test_filter_project_is_monotone ... ok
test dvm::parser::validation::monotonicity_tests::test_inner_join_is_monotone ... ok
test dvm::parser::validation::monotonicity_tests::test_inspection_failure_is_full_only ... ok
test dvm::parser::validation::monotonicity_tests::test_intersect_is_not_monotone ... ok
test dvm::parser::validation::monotonicity_tests::test_join_with_non_monotone_child ... ok
test dvm::parser::validation::monotonicity_tests::test_lateral_missing_outer_identity_is_full_only ... ok
test dvm::parser::validation::monotonicity_tests::test_lateral_unresolved_dependency_is_full_only ... ok
test dvm::parser::validation::monotonicity_tests::test_left_join_is_not_monotone ... ok
test dvm::parser::validation::monotonicity_tests::test_nested_non_monotone_detected ... ok
test dvm::parser::validation::monotonicity_tests::test_scalar_and_lateral_are_not_monotone ... ok
test dvm::parser::validation::monotonicity_tests::test_scan_is_monotone ... ok
test dvm::parser::validation::monotonicity_tests::test_semi_join_is_monotone ... ok
test dvm::parser::validation::monotonicity_tests::test_set_and_mutable_lateral_admission_is_full_only ... ok
test dvm::parser::validation::monotonicity_tests::test_statistical_aggregate_missing_operand_is_full_only ... ok
test dvm::parser::validation::monotonicity_tests::test_statistical_aggregate_unresolved_signature_is_full_only ... ok
test dvm::parser::validation::monotonicity_tests::test_union_all_is_monotone ... ok
test dvm::parser::validation::monotonicity_tests::test_window_is_not_monotone ... ok
test dvm::parser::window_plan::tests::analyzed_shape_mismatch_fails_closed ... ok
test dvm::parser::window_plan::tests::exact_identity_does_not_treat_keyless_content_as_unique ... ok
test dvm::parser::window_plan::tests::exact_identity_rejects_duplicate_or_ambiguous_names ... ok
test dvm::parser::window_plan::tests::frame_defaults_and_exclusions_render_exactly ... ok
test dvm::parser::window_plan::tests::function_classification_is_closed_and_namespace_aware ... ok
test dvm::parser::window_plan::tests::planner_keeps_row_number_on_measured_partition_recompute ... ok
test dvm::parser::window_plan::tests::planner_rejects_unresolved_and_unknown_versions ... ok
test dvm::parser::window_plan::tests::planner_rejects_unresolved_frame_offset_metadata ... ok
test dvm::parser::window_plan::tests::planner_runtime_rejects_mixed_window_node ... ok
test dvm::parser::window_plan::tests::semantic_fingerprint_ignores_nonsemantic_runtime_fields ... ok
test dvm::planner::tests::bounded_epoch_probe_rejects_oversized_source_sets_without_spi ... ok
test dvm::planner::tests::missing_join_statistics_keep_the_current_plan ... ok
test dvm::planner::tests::shadow_join_candidate_never_changes_chosen_order ... ok
test dvm::planner::tests::statistics_epoch_is_stable_and_sensitive_to_used_values ... ok
test dvm::planner::tests::vector_path_evidence_is_passed_through_without_planner_coupling ... ok
test dvm::planner::tests::window_cost_admits_only_a_twenty_percent_measured_win ... ok
test dvm::planner::tests::window_cost_fails_closed_without_current_complete_evidence ... ok
test dvm::planner::tests::window_cost_rejects_invalid_positions_and_non_finite_math ... ok
test dvm::planner::tests::zero_budget_falls_back_to_the_original_order ... ok
test dvm::row_id::tests::test_row_id_schema_any_compatible_with_everything ... ok
test dvm::row_id::tests::test_row_id_schema_derived_compatible_with_everything ... ok
test dvm::row_id::tests::test_row_id_schema_primary_key_compatible_with_same ... ok
test dvm::row_id::tests::test_row_id_schema_primary_key_incompatible_different_table ... ok
test dvm::row_id::tests::test_row_id_schema_verify_pipeline_empty ... ok
test dvm::row_id::tests::test_row_id_schema_verify_pipeline_happy_path ... ok
test dvm::row_id::tests::test_row_id_schema_verify_pipeline_incompatible ... ok
test dvm::row_id_v2::tests::escaping_and_probe_boundaries ... ok
test dvm::row_id_v2::tests::mdm_source_key_v1_has_stable_exact_bytes_and_validates ... ok
test dvm::row_id_v2::tests::registry_supports_scalars_and_rejects_structural_types ... ok
test dvm::row_id_v2::tests::scalar_transforms_canonicalize_special_values ... ok
test dvm::row_id_v2::tests::schema_validation_has_context ... ok
test dvm::row_id_v2::tests::source_key_policy_rejects_unsafe_unique_forms ... ok
test dvm::row_id_v2::tests::stable_tags_and_domains ... ok
test dvm::row_id_v2::tests::temporal_network_and_bit_payloads_are_canonical ... ok
test dvm::row_id_v2::tests::tuple_framing_is_prefix_free ... ok
test dvm::schema::tests::composes_and_marks_internal_columns ... ok
test dvm::schema::tests::rejects_arity_alias_type_and_internal_mismatches ... ok
test dvm::schema::tests::validates_matching_schema ... ok
test dvm::snapshot::tests::keeps_lateral_subquery_snapshot_unsupported ... ok
test dvm::snapshot::tests::plans_aggregate_cte_join_as_exact_per_leaf ... ok
test dvm::snapshot::tests::plans_lateral_function_from_leaf_as_exact_snapshot ... ok
test dvm::snapshot::tests::plans_semijoin_with_post_change_correction ... ok
test dvm::snapshot::tests::plans_simple_join_per_leaf ... ok
test dvm::snapshot::tests::plans_union_all_as_exact_per_leaf ... ok
test dvm::tests::prop_split_top_level_set_op_no_panic ... ok
test dvm::tests::prop_split_top_level_union_all_no_panic ... ok
test dvm::tests::test_cache_empty_returns_none ... ok
test dvm::tests::test_cache_has_key_changed_returns_correct_value ... ok
test dvm::tests::test_cache_insert_and_retrieve ... ok
test dvm::tests::test_cache_invalidate_removes_entry ... ok
test dvm::tests::test_check_no_remaining_placeholders_both_catches_pgt_part_pred ... ok
test dvm::tests::test_check_no_remaining_placeholders_clean_sql ... ok
test dvm::tests::test_check_no_remaining_placeholders_for_pgs_only_ignores_pgt ... ok
test dvm::tests::test_check_no_remaining_placeholders_mixed_resolved ... ok
test dvm::tests::test_check_no_remaining_placeholders_pgs_token ... ok
test dvm::tests::test_check_no_remaining_placeholders_pgt_token ... ok
test dvm::tests::test_check_no_remaining_placeholders_repeated_token ... ok
test dvm::tests::test_classify_top_level_set_op_all_forms ... ok
test dvm::tests::test_direct_full_refresh_insert_body_has_no_set_state_columns ... ok
test dvm::tests::test_distinct_avg_does_not_request_algebraic_aux_columns ... ok
test dvm::tests::test_distinct_sum_does_not_request_nonnull_aux_columns ... ok
test dvm::tests::test_hash_string_deterministic ... ok
test dvm::tests::test_hash_string_different_inputs_differ ... ok
test dvm::tests::test_hash_string_empty ... ok
test dvm::tests::test_is_scan_chain_aggregate_is_false ... ok
test dvm::tests::test_is_scan_chain_bare_scan ... ok
test dvm::tests::test_is_scan_chain_computed_mdm_key_keeps_delete ... ok
test dvm::tests::test_is_scan_chain_distinct_is_false ... ok
test dvm::tests::test_is_scan_chain_filter_is_false ... ok
test dvm::tests::test_is_scan_chain_join_is_false ... ok
test dvm::tests::test_is_scan_chain_project_over_scan ... ok
test dvm::tests::test_is_scan_chain_project_with_computed_expr_preserving_pk ... ok
test dvm::tests::test_is_scan_chain_project_with_computed_expr_without_pk_is_false ... ok
test dvm::tests::test_is_scan_chain_subquery_over_scan ... ok
test dvm::tests::test_needs_pgt_count_aggregate ... ok
test dvm::tests::test_needs_pgt_count_distinct ... ok
test dvm::tests::test_needs_pgt_count_scan_false ... ok
test dvm::tests::test_not_scalar_aggregate_scan ... ok
test dvm::tests::test_not_scalar_aggregate_with_group_by ... ok
test dvm::tests::test_resolve_delta_template_missing_oid_defaults ... ok
test dvm::tests::test_resolve_delta_template_mixed_oid_and_pgt ... ok
test dvm::tests::test_resolve_delta_template_multiple_oids ... ok
test dvm::tests::test_resolve_delta_template_no_placeholders ... ok
test dvm::tests::test_resolve_delta_template_pgt_placeholders ... ok
test dvm::tests::test_resolve_delta_template_single_oid ... ok
test dvm::tests::test_resolve_delta_template_unknown_oid_returns_err ... ok
test dvm::tests::test_resolve_delta_template_unknown_pgt_oid_returns_err ... ok
test dvm::tests::test_scalar_aggregate_root_bare ... ok
test dvm::tests::test_scalar_aggregate_root_through_project ... ok
test dvm::tests::test_scalar_aggregate_root_with_filter ... ok
test dvm::tests::test_set_op_refresh_sql_binds_branches_positionally_and_null_safely ... ok
test dvm::tests::test_split_no_union_all ... ok
test dvm::tests::test_split_set_op_case_insensitive ... ok
test dvm::tests::test_split_set_op_except ... ok
test dvm::tests::test_split_set_op_except_all ... ok
test dvm::tests::test_split_set_op_inside_parens_not_split ... ok
test dvm::tests::test_split_set_op_intersect ... ok
test dvm::tests::test_split_set_op_intersect_all ... ok
test dvm::tests::test_split_set_op_no_set_op ... ok
test dvm::tests::test_split_set_op_parenthesized_left ... ok
test dvm::tests::test_split_set_op_preserves_quoted_strings ... ok
test dvm::tests::test_split_union_all_case_insensitive ... ok
test dvm::tests::test_split_union_all_in_subquery_not_split ... ok
test dvm::tests::test_split_union_all_preserves_quoted_strings ... ok
test dvm::tests::test_split_union_all_simple ... ok
test dvm::tests::test_split_union_all_three_branches ... ok
test dvm::tests::test_split_union_all_with_extra_whitespace ... ok
test dvm::tests::test_split_union_without_all_not_split ... ok
test dvm::tests::test_window_row_identity_uses_stable_window_domain ... ok
test dvm_trace::tests::trace_serializes_and_renders_decisions ... ok
test error::tests::test_classify_error_for_retry_bracket_extraction ... ok
test error::tests::test_classify_spi_error_retryable ... ok
test error::tests::test_counts_toward_suspension ... ok
test error::tests::test_error_classification ... ok
test error::tests::test_error_kind_display_all_variants ... ok
test error::tests::test_query_too_complex_is_user_error ... ok
test error::tests::test_refresh_failure_prefers_sqlstate_and_preserves_cancellation ... ok
test error::tests::test_requires_reinitialize ... ok
test error::tests::test_retry_policy_backoff ... ok
test error::tests::test_retry_policy_default_values ... ok
test error::tests::test_retry_policy_should_retry ... ok
test error::tests::test_retry_state_lifecycle ... ok
test error::tests::test_retry_state_max_attempts_exhausted ... ok
test error::tests::test_retryable_errors ... ok
test error::tests::test_sqlstate_classifier_retryable_classes ... ok
test error::tests::test_sqlstate_to_string_total_and_deterministic ... ok
test error::tests::test_v082_error_classification ... ok
test hash::tests::test_framing_component_boundaries_and_arity_are_distinct ... ok
test hash::tests::test_framing_has_fixed_header_and_tags ... ok
test hash::tests::test_framing_is_deterministic ... ok
test hash::tests::test_framing_separator_like_control_and_unicode_values ... ok
test hash::tests::test_hash_determinism ... ok
test hash::tests::test_hash_different_inputs ... ok
test hash::tests::test_multi_hash_determinism ... ok
test hash::tests::test_multi_hash_many_values ... ok
test hash::tests::test_multi_hash_null_vs_string_null ... ok
test hash::tests::test_multi_hash_separator_prevents_collision ... ok
test hash::tests::test_null_handling_in_multi_hash ... ok
test hash::tests::test_pg_trickle_hash_empty_string ... ok
test hash::tests::test_pg_trickle_hash_i64_range ... ok
test hooks::tests::test_classify_alter_table ... ok
test hooks::tests::test_classify_alter_view ... ok
test hooks::tests::test_classify_create_or_replace_view ... ok
test hooks::tests::test_classify_create_table ... ok
test hooks::tests::test_classify_create_trigger ... ok
test hooks::tests::test_classify_create_view ... ok
test hooks::tests::test_classify_domain_change ... ok
test hooks::tests::test_classify_function_change ... ok
test hooks::tests::test_classify_policy_change ... ok
test hooks::tests::test_classify_type_change ... ok
test hooks::tests::test_classify_unknown_is_ignored ... ok
test hooks::tests::test_ddl_command_debug ... ok
test hooks::tests::test_ddl_command_kind_from_event_table_driven ... ok
test hooks::tests::test_ddl_command_kind_ignored_cases ... ok
test hooks::tests::test_dropped_object_debug ... ok
test hooks::tests::test_extract_function_name_bare ... ok
test hooks::tests::test_extract_function_name_case_insensitive ... ok
test hooks::tests::test_extract_function_name_no_args ... ok
test hooks::tests::test_extract_function_name_no_schema ... ok
test hooks::tests::test_extract_function_name_with_schema_and_args ... ok
test hooks::tests::test_schema_change_kind_eq ... ok
test hooks::tests::test_schema_evolution_additive_column_continues_or_rebuilds ... ok
test hooks::tests::test_schema_evolution_dependency_oid_change_invalidates_proof ... ok
test hooks::tests::test_schema_evolution_destructive_column_suspends_with_reason_code ... ok
test hooks::tests::test_schema_evolution_extension_upgrade_overlap ... ok
test hooks::tests::test_schema_evolution_recreated_object_oid_is_not_reused ... ok
test hooks::tests::test_schema_evolution_refresh_concurrent_with_ddl ... ok
test hooks::tests::test_schema_evolution_rename_chain_preserves_or_suspends_explicitly ... ok
test hooks::tests::test_schema_evolution_schema_move_and_owner_change ... ok
test hooks::tests::test_schema_evolution_transactional_ddl_rollback ... ok
test hooks::tests::test_snapshot_column_added ... ok
test hooks::tests::test_snapshot_column_dropped ... ok
test hooks::tests::test_snapshot_column_type_changed ... ok
test hooks::tests::test_snapshot_empty_stored_with_current_cols ... ok
test hooks::tests::test_snapshot_identical_is_constraint_change ... ok
test hooks::tests::test_source_ddl_reason_codes_are_stable ... ok
test integration_contract::tests::encoding_and_digest_are_deterministic ... ok
test integration_contract::tests::field_order_is_preserved_and_affects_digest ... ok
test integration_contract::tests::set_order_is_canonical_but_array_order_is_not ... ok
test ivm::tests::test_aggregate_is_not_simple_chain ... ok
test ivm::tests::test_column_lists_basic ... ok
test ivm::tests::test_column_lists_empty ... ok
test ivm::tests::test_column_lists_special_chars ... ok
test ivm::tests::test_delete_sql_includes_table_names ... ok
test ivm::tests::test_distinct_is_not_simple_chain ... ok
test ivm::tests::test_filter_over_scan_is_simple_chain ... ok
test ivm::tests::test_hash_str_deterministic ... ok
test ivm::tests::test_hash_str_different_inputs ... ok
test ivm::tests::test_insert_sql_quotes_special_chars ... ok
test ivm::tests::test_ivm_trigger_sources_include_tables_and_stream_tables ... ok
test ivm::tests::test_join_is_not_simple_chain ... ok
test ivm::tests::test_keyed_delete_uses_simple_join ... ok
test ivm::tests::test_keyed_insert_uses_on_conflict ... ok
test ivm::tests::test_keyless_delete_uses_row_number ... ok
test ivm::tests::test_keyless_insert_no_on_conflict ... ok
test ivm::tests::test_project_over_filter_over_scan_is_simple_chain ... ok
test ivm::tests::test_scan_is_simple_chain ... ok
test ivm::tests::test_trigger_names_after_triggers ... ok
test ivm::tests::test_trigger_names_all_functions_matches_fields ... ok
test ivm::tests::test_trigger_names_all_functions_returns_5 ... ok
test ivm::tests::test_trigger_names_all_triggers_matches_fields ... ok
test ivm::tests::test_trigger_names_all_triggers_returns_8 ... ok
test ivm::tests::test_trigger_names_before_triggers ... ok
test ivm::tests::test_trigger_names_different_oids_differ ... ok
test ivm::tests::test_trigger_names_different_pgt_ids_differ ... ok
test ivm::tests::test_trigger_names_functions_include_both_ids ... ok
test metrics_server::tests::bind_address_accepts_literals_only ... ok
test metrics_server::tests::collection_error_returns_503 ... ok
test metrics_server::tests::health_does_not_collect_and_metrics_collects_once ... ok
test metrics_server::tests::idle_polls_do_not_collect ... ok
test metrics_server::tests::request_completion_requires_headers ... ok
test metrics_server::tests::route_health_does_not_require_collection ... ok
test metrics_server::tests::start_result_disabled_port_zero ... ok
test monitor::health::window_state_tests::test_window_state_health_marks_mismatch_actionable ... ok
test monitor::health::window_state_tests::test_window_state_health_warns_at_eighty_percent ... ok
test monitor::tests::test_alert_event_all_variants_unique ... ok
test monitor::tests::test_alert_event_as_str ... ok
test monitor::tests::test_alert_event_clone_and_copy ... ok
test monitor::tests::test_alert_event_debug_format ... ok
test monitor::tests::test_alert_event_equality ... ok
test monitor::tests::test_alert_payload_basic_structure ... ok
test monitor::tests::test_alert_payload_escapes_quotes ... ok
test monitor::tests::test_alert_payload_reduces_nested_unicode_safely ... ok
test monitor::tests::test_alert_payload_short_not_truncated ... ok
test monitor::tests::test_alert_payload_truncation ... ok
test monitor::tests::test_build_cdc_health_alert_exact_threshold_not_alerted ... ok
test monitor::tests::test_build_cdc_health_alert_for_missing_slot ... ok
test monitor::tests::test_build_cdc_health_alert_for_slot_lag ... ok
test monitor::tests::test_build_cdc_health_alert_lag_takes_priority_over_missing_slot ... ok
test monitor::tests::test_build_cdc_health_alert_no_alert_for_trigger_mode_missing_slot ... ok
test monitor::tests::test_build_cdc_health_alert_ok_when_below_threshold_and_slot_present ... ok
test monitor::tests::test_build_slot_lag_health_detail_multiple_lagging_slots ... ok
test monitor::tests::test_build_slot_lag_health_detail_ok_when_empty ... ok
test monitor::tests::test_build_slot_lag_health_detail_warns_with_threshold ... ok
test monitor::tests::test_scheduler_health_launcher_and_scheduler_present ... ok
test monitor::tests::test_scheduler_health_launcher_only_no_per_db_scheduler ... ok
test monitor::tests::test_scheduler_health_multiple_schedulers_ok ... ok
test monitor::tests::test_scheduler_health_neither_launcher_nor_scheduler ... ok
test monitor::tests::test_tree_diamond_topology ... ok
test monitor::tests::test_tree_empty_graph ... ok
test monitor::tests::test_tree_multiple_roots_sorted ... ok
test monitor::tests::test_tree_single_root_no_children ... ok
test monitor::tests::test_tree_source_not_in_st_info ... ok
test monitor::tests::test_tree_st_chain ... ok
test monitor::tests::test_tree_with_source_leaf ... ok
test otel::tests::test_escape_json ... ok
test otel::tests::test_new_span_id_differs ... ok
test otel::tests::test_new_span_id_is_16_hex_chars ... ok
test otel::tests::test_otlp_json_contains_trace_id ... ok
test otel::tests::test_otlp_json_with_attributes ... ok
test otel::tests::test_parse_endpoint_http ... ok
test otel::tests::test_parse_endpoint_no_scheme ... ok
test otel::tests::test_parse_endpoint_with_path ... ok
test otel::tests::test_parse_traceparent_invalid_empty ... ok
test otel::tests::test_parse_traceparent_invalid_short ... ok
test otel::tests::test_parse_traceparent_not_sampled ... ok
test otel::tests::test_parse_traceparent_valid ... ok
test otel::tests::test_parse_traceparent_wrong_parts ... ok
test refresh::codegen::tests::test_build_content_hash_expr_col_with_double_quote ... ok
test refresh::codegen::tests::test_build_content_hash_expr_multi_col ... ok
test refresh::codegen::tests::test_build_content_hash_expr_single_col ... ok
test refresh::codegen::tests::test_build_content_hash_expr_single_col_with_prefix ... ok
test refresh::codegen::tests::test_build_content_hash_expr_zero_cols_returns_row_id ... ok
test refresh::codegen::tests::test_build_execute_params_missing_source_defaults_to_zero ... ok
test refresh::codegen::tests::test_build_execute_params_multiple_sources ... ok
test refresh::codegen::tests::test_build_execute_params_single_source ... ok
test refresh::codegen::tests::test_build_prepare_type_list_one_source ... ok
test refresh::codegen::tests::test_build_prepare_type_list_three_sources ... ok
test refresh::codegen::tests::test_build_prepare_type_list_zero_sources ... ok
test refresh::codegen::tests::test_parameterize_lsn_template_multiple_sources ... ok
test refresh::codegen::tests::test_parameterize_lsn_template_no_sources ... ok
test refresh::codegen::tests::test_parameterize_lsn_template_single_source ... ok
test refresh::codegen::tests::test_planner_work_mem_cap_respects_full_policy ... ok
test refresh::delta_stage::tests::names_are_stream_and_oid_scoped ... ok
test refresh::fused::tests::fuse_diff_batch_cte_dedup ... ok
test refresh::fused::tests::fuse_diff_batch_name_collision_free ... ok
test refresh::fused::tests::fuse_diff_batch_single_node ... ok
test refresh::fused::tests::parse_delta_ctes_materialized ... ok
test refresh::fused::tests::parse_delta_ctes_no_with ... ok
test refresh::fused::tests::prop_fused_batch_contains_all_tables ... ok
test refresh::fused::tests::prop_fused_batch_deterministic ... ok
test refresh::fused::tests::prop_fused_cte_names_unique ... ok
test refresh::fused::tests::prop_fused_single_node_no_rename_needed ... ok
test refresh::fused::tests::rename_with_offset_increments_counter ... ok
test refresh::merge::columns::tests::test_extract_keyword_int_finds_value ... ok
test refresh::merge::columns::tests::test_extract_keyword_int_handles_large_value ... ok
test refresh::merge::columns::tests::test_extract_keyword_int_missing_keyword_errors ... ok
test refresh::merge::columns::tests::test_parse_hash_bound_spec_basic ... ok
test refresh::merge::columns::tests::test_parse_hash_bound_spec_missing_modulus_errors ... ok
test refresh::merge::columns::tests::test_parse_hash_bound_spec_missing_remainder_errors ... ok
test refresh::merge::columns::tests::test_parse_hash_bound_spec_single_shard ... ok
test refresh::merge::columns::tests::test_pg_quote_literal_empty_string ... ok
test refresh::merge::columns::tests::test_pg_quote_literal_escapes_single_quote ... ok
test refresh::merge::columns::tests::test_pg_quote_literal_simple ... ok
test refresh::merge::tests::exact_invariant_uses_symmetric_except_all ... ok
test refresh::merge::tests::test_delta_fraction_above_threshold_is_true ... ok
test refresh::merge::tests::test_delta_fraction_all_rows_changed_is_true ... ok
test refresh::merge::tests::test_delta_fraction_exactly_at_threshold_is_false ... ok
test refresh::merge::tests::test_delta_fraction_threshold_of_one_means_more_than_100_percent ... ok
test refresh::merge::tests::test_delta_fraction_well_below_threshold_is_false ... ok
test refresh::merge::tests::test_delta_fraction_zero_changes_is_false ... ok
test refresh::merge::tests::test_delta_fraction_zero_estimated_rows_is_false ... ok
test refresh::orchestrator::unit_tests::test_adaptive_threshold_clamps_to_maximum_0_80 ... ok
test refresh::orchestrator::unit_tests::test_adaptive_threshold_clamps_to_minimum_0_01 ... ok
test refresh::orchestrator::unit_tests::test_adaptive_threshold_incr_between_70_and_90pct_lowers_moderately ... ok
test refresh::orchestrator::unit_tests::test_adaptive_threshold_incr_faster_than_30pct_raises_threshold ... ok
test refresh::orchestrator::unit_tests::test_adaptive_threshold_incr_slower_than_90pct_lowers_aggressively ... ok
test refresh::orchestrator::unit_tests::test_adaptive_threshold_middle_range_unchanged ... ok
test refresh::orchestrator::unit_tests::test_cost_model_prefers_diff_when_delta_small ... ok
test refresh::orchestrator::unit_tests::test_cost_model_prefers_full_when_diff_expensive ... ok
test refresh::phd1::tests::test_cleanup_returns_zero_for_empty_case ... ok
test refresh::phd1::tests::test_content_signature_supports_wide_rows ... ok
test refresh::pipeline::tests::decision_bounds_large_and_unknown_shapes ... ok
test refresh::pipeline::tests::decision_keeps_small_proven_delta_direct ... ok
test refresh::pipeline::tests::merge_source_replacement_keeps_the_merge_shell ... ok
test refresh::pipeline::tests::stats_accumulate_and_mark_oversize_batches ... ok
test refresh::sql_fragments::tests::test_build_content_hash_column_different_prefix ... ok
test refresh::sql_fragments::tests::test_build_content_hash_column_empty ... ok
test refresh::sql_fragments::tests::test_build_content_hash_column_multi_col ... ok
test refresh::sql_fragments::tests::test_build_content_hash_column_single_col ... ok
test refresh::sql_fragments::tests::test_build_cte_predicate_quoted_col ... ok
test refresh::sql_fragments::tests::test_build_cte_predicate_standard ... ok
test refresh::sql_fragments::tests::test_build_delta_target_list_empty_when_matched ... ok
test refresh::sql_fragments::tests::test_build_delta_target_list_reserved_quote_in_col_name ... ok
test refresh::sql_fragments::tests::test_build_delta_target_list_when_matched_multi_col ... ok
test refresh::sql_fragments::tests::test_build_delta_target_list_when_matched_single_col ... ok
test refresh::sql_fragments::tests::test_build_delta_target_list_when_not_matched_by_source ... ok
test refresh::sql_fragments::tests::test_build_delta_target_list_when_not_matched_by_target ... ok
test refresh::sql_fragments::tests::test_build_merge_join_condition_composite_key ... ok
test refresh::sql_fragments::tests::test_build_merge_join_condition_empty ... ok
test refresh::sql_fragments::tests::test_build_merge_join_condition_reserved_char_in_name ... ok
test refresh::sql_fragments::tests::test_build_merge_join_condition_single_key ... ok
test refresh::unit_tests::prop_advancing_slowest_consumer_raises_threshold ... ok
test refresh::unit_tests::prop_having_filter_zero_cancellation ... ok
test refresh::unit_tests::prop_join_asymmetric_convergence ... ok
test refresh::unit_tests::prop_join_multi_cycle_convergence ... ok
test refresh::unit_tests::prop_join_single_cycle_convergence ... ok
test refresh::unit_tests::prop_keyed_distinct_on_resolves_to_single_action ... ok
test refresh::unit_tests::prop_keyless_weight_expansion_count ... ok
test refresh::unit_tests::prop_multi_frontier_cleanup_correctness ... ok
test refresh::unit_tests::prop_new_consumer_lowers_threshold ... ok
test refresh::unit_tests::prop_weight_algebra_additive ... ok
test refresh::unit_tests::prop_weight_algebra_matches_sequential_from_zero ... ok
test refresh::unit_tests::prop_weight_algebra_multi_row_independence ... ok
test refresh::unit_tests::test_adaptive_threshold_at_boundary_30pct ... ok
test refresh::unit_tests::test_adaptive_threshold_at_boundary_70pct ... ok
test refresh::unit_tests::test_adaptive_threshold_at_boundary_90pct ... ok
test refresh::unit_tests::test_adaptive_threshold_clamps_to_max ... ok
test refresh::unit_tests::test_adaptive_threshold_clamps_to_min ... ok
test refresh::unit_tests::test_adaptive_threshold_converges_downward ... ok
test refresh::unit_tests::test_adaptive_threshold_converges_upward ... ok
test refresh::unit_tests::test_adaptive_threshold_incr_exceeds_full ... ok
test refresh::unit_tests::test_adaptive_threshold_incr_in_sweet_spot ... ok
test refresh::unit_tests::test_adaptive_threshold_incr_moderately_slow ... ok
test refresh::unit_tests::test_adaptive_threshold_incr_much_faster ... ok
test refresh::unit_tests::test_adaptive_threshold_incr_much_slower_than_full ... ok
test refresh::unit_tests::test_amplification_ratio_negative_input_returns_zero ... ok
test refresh::unit_tests::test_amplification_ratio_normal ... ok
test refresh::unit_tests::test_amplification_ratio_one_to_one ... ok
test refresh::unit_tests::test_amplification_ratio_reduction ... ok
test refresh::unit_tests::test_amplification_ratio_zero_input_returns_zero ... ok
test refresh::unit_tests::test_amplification_ratio_zero_output ... ok
test refresh::unit_tests::test_build_append_only_insert_sql_basic ... ok
test refresh::unit_tests::test_build_append_only_insert_sql_multi_column ... ok
test refresh::unit_tests::test_build_bypass_capture_sql_basic ... ok
test refresh::unit_tests::test_build_bypass_capture_sql_column_defs ... ok
test refresh::unit_tests::test_build_bypass_capture_sql_lsn_override ... ok
test refresh::unit_tests::test_build_bypass_capture_sql_no_lsn_override ... ok
test refresh::unit_tests::test_build_bypass_capture_sql_quoted_columns ... ok
test refresh::unit_tests::test_build_content_hash_expr_empty_cols_fallback ... ok
test refresh::unit_tests::test_build_content_hash_expr_multi_col ... ok
test refresh::unit_tests::test_build_content_hash_expr_quoted_col ... ok
test refresh::unit_tests::test_build_content_hash_expr_single_col ... ok
test refresh::unit_tests::test_build_execute_params_missing_lsn_uses_zero ... ok
test refresh::unit_tests::test_build_execute_params_multiple_sources ... ok
test refresh::unit_tests::test_build_execute_params_single_source ... ok
test refresh::unit_tests::test_build_is_distinct_clause_at_threshold ... ok
test refresh::unit_tests::test_build_is_distinct_clause_col_with_double_quote ... ok
test refresh::unit_tests::test_build_is_distinct_clause_double_quotes_in_col_name_are_escaped ... ok
test refresh::unit_tests::test_build_is_distinct_clause_empty_cols ... ok
test refresh::unit_tests::test_build_is_distinct_clause_exactly_at_threshold_uses_columns ... ok
test refresh::unit_tests::test_build_is_distinct_clause_multi_col ... ok
test refresh::unit_tests::test_build_is_distinct_clause_one_over_threshold_uses_hash ... ok
test refresh::unit_tests::test_build_is_distinct_clause_single_col ... ok
test refresh::unit_tests::test_build_is_distinct_clause_wide_table_hash_path ... ok
test refresh::unit_tests::test_build_keyless_delete_template_contains_table ... ok
test refresh::unit_tests::test_build_keyless_delete_template_counts_correctly ... ok
test refresh::unit_tests::test_build_keyless_delete_template_structure ... ok
test refresh::unit_tests::test_build_keyless_delete_template_uses_pgt_id ... ok
test refresh::unit_tests::test_build_keyless_weight_agg_cancel_logic ... ok
test refresh::unit_tests::test_build_keyless_weight_agg_contains_delta_sql ... ok
test refresh::unit_tests::test_build_keyless_weight_agg_structure ... ok
test refresh::unit_tests::test_build_merge_sql_column_quoting ... ok
test refresh::unit_tests::test_build_merge_sql_is_distinct_from_guard ... ok
test refresh::unit_tests::test_build_merge_sql_multiple_columns ... ok
test refresh::unit_tests::test_build_merge_sql_single_column ... ok
test refresh::unit_tests::test_build_merge_sql_with_partition_key ... ok
test refresh::unit_tests::test_build_merge_sql_without_partition_key ... ok
test refresh::unit_tests::test_build_prepare_type_list_multi ... ok
test refresh::unit_tests::test_build_prepare_type_list_single ... ok
test refresh::unit_tests::test_build_prepare_type_list_zero ... ok
test refresh::unit_tests::test_build_trigger_delete_keyed ... ok
test refresh::unit_tests::test_build_trigger_delete_keyless ... ok
test refresh::unit_tests::test_build_trigger_insert_keyed ... ok
test refresh::unit_tests::test_build_trigger_insert_keyless ... ok
test refresh::unit_tests::test_build_trigger_update_sql_basic ... ok
test refresh::unit_tests::test_build_weight_agg_using_contains_delta_sql ... ok
test refresh::unit_tests::test_build_weight_agg_using_insert_delete_case ... ok
test refresh::unit_tests::test_build_weight_agg_using_structure ... ok
test refresh::unit_tests::test_bypass_capture_uses_content_hash ... ok
test refresh::unit_tests::test_classify_aggregate ... ok
test refresh::unit_tests::test_classify_case_insensitive ... ok
test refresh::unit_tests::test_classify_filter ... ok
test refresh::unit_tests::test_classify_join ... ok
test refresh::unit_tests::test_classify_join_aggregate ... ok
test refresh::unit_tests::test_classify_left_join ... ok
test refresh::unit_tests::test_classify_scan ... ok
test refresh::unit_tests::test_column_superset_select_star_forces_full ... ok
test refresh::unit_tests::test_column_superset_union ... ok
test refresh::unit_tests::test_cost_model_complexity_affects_decision ... ok
test refresh::unit_tests::test_cost_model_prefers_diff_small_delta ... ok
test refresh::unit_tests::test_cost_model_prefers_full_large_delta ... ok
test refresh::unit_tests::test_determine_differential_mode ... ok
test refresh::unit_tests::test_determine_full_mode ... ok
test refresh::unit_tests::test_determine_no_upstream_changes ... ok
test refresh::unit_tests::test_determine_refresh_action_differential_mode_with_changes ... ok
test refresh::unit_tests::test_determine_refresh_action_full_mode_with_changes ... ok
test refresh::unit_tests::test_determine_refresh_action_immediate_falls_back_to_full ... ok
test refresh::unit_tests::test_determine_refresh_action_needs_reinit_takes_priority ... ok
test refresh::unit_tests::test_determine_refresh_action_no_upstream_changes_returns_no_data ... ok
test refresh::unit_tests::test_determine_reinit_overrides_no_changes ... ok
test refresh::unit_tests::test_determine_reinit_takes_priority ... ok
test refresh::unit_tests::test_diff_cost_factors_ordering ... ok
test refresh::unit_tests::test_differential_cost_evidence_reports_output_amplification ... ok
test refresh::unit_tests::test_effective_action_for_mode ... ok
test refresh::unit_tests::test_effective_mode_is_consumed_once ... ok
test refresh::unit_tests::test_execute_differential_refresh_rejects_empty_frontier ... ok
test refresh::unit_tests::test_execute_differential_refresh_rejects_unpopulated_stream_table ... ok
test refresh::unit_tests::test_extract_keyword_int_basic ... ok
test refresh::unit_tests::test_extract_keyword_int_missing ... ok
test refresh::unit_tests::test_extract_using_clause_complex_cte ... ok
test refresh::unit_tests::test_extract_using_clause_for_estimation ... ok
test refresh::unit_tests::test_format_col_list_basic ... ok
test refresh::unit_tests::test_format_col_list_quoting ... ok
test refresh::unit_tests::test_format_prefixed_col_list_basic ... ok
test refresh::unit_tests::test_format_update_set_basic ... ok
test refresh::unit_tests::test_full_policy_rejects_whole_query_transition ... ok
test refresh::unit_tests::test_full_refresh_reason_codes_round_trip ... ok
test refresh::unit_tests::test_full_refresh_reason_for_action ... ok
test refresh::unit_tests::test_has_non_monotonic_cte_aggregate ... ok
test refresh::unit_tests::test_has_non_monotonic_cte_anti_join ... ok
test refresh::unit_tests::test_has_non_monotonic_cte_distinct ... ok
test refresh::unit_tests::test_has_non_monotonic_cte_except ... ok
test refresh::unit_tests::test_has_non_monotonic_cte_full_join ... ok
test refresh::unit_tests::test_has_non_monotonic_cte_inner_join ... ok
test refresh::unit_tests::test_has_non_monotonic_cte_intersect ... ok
test refresh::unit_tests::test_has_non_monotonic_cte_left_join ... ok
test refresh::unit_tests::test_has_non_monotonic_cte_plain_scan ... ok
test refresh::unit_tests::test_has_non_monotonic_cte_recursive ... ok
test refresh::unit_tests::test_has_non_monotonic_cte_semi_join ... ok
test refresh::unit_tests::test_has_non_monotonic_cte_window ... ok
test refresh::unit_tests::test_immediate_window_reason_replaces_only_mode_or_cost_fallback ... ok
test refresh::unit_tests::test_incremental_window_detail_has_no_fallback_reason ... ok
test refresh::unit_tests::test_inject_partition_predicate_basic ... ok
test refresh::unit_tests::test_inject_partition_predicate_list_multiple_values ... ok
test refresh::unit_tests::test_inject_partition_predicate_list_single_value ... ok
test refresh::unit_tests::test_inject_partition_predicate_list_value_with_quote ... ok
test refresh::unit_tests::test_inject_partition_predicate_multi_column ... ok
test refresh::unit_tests::test_inject_partition_predicate_no_placeholder ... ok
test refresh::unit_tests::test_inject_partition_predicate_three_columns ... ok
test refresh::unit_tests::test_inject_partition_predicate_value_with_single_quote ... ok
test refresh::unit_tests::test_invalidate_merge_cache_nonexistent_is_noop ... ok
test refresh::unit_tests::test_invalidate_merge_cache_removes_entry ... ok
test refresh::unit_tests::test_merge_strategy_is_consumed_once ... ok
test refresh::unit_tests::test_merge_template_cache_insert_and_retrieve ... ok
test refresh::unit_tests::test_multi_frontier_cleanup_never_deletes_unconsumed ... ok
test refresh::unit_tests::test_parameterize_multiple_sources ... ok
test refresh::unit_tests::test_parameterize_no_sources ... ok
test refresh::unit_tests::test_parameterize_single_source ... ok
test refresh::unit_tests::test_parse_hash_bound_spec_basic ... ok
test refresh::unit_tests::test_parse_hash_bound_spec_missing_modulus ... ok
test refresh::unit_tests::test_parse_hash_bound_spec_missing_remainder ... ok
test refresh::unit_tests::test_parse_hash_bound_spec_remainder_zero ... ok
test refresh::unit_tests::test_parse_hash_bound_spec_various_values ... ok
test refresh::unit_tests::test_pg_quote_literal_empty ... ok
test refresh::unit_tests::test_pg_quote_literal_multiple_single_quotes ... ok
test refresh::unit_tests::test_pg_quote_literal_only_quotes ... ok
test refresh::unit_tests::test_pg_quote_literal_simple ... ok
test refresh::unit_tests::test_pg_quote_literal_single_quote_escaped ... ok
test refresh::unit_tests::test_refresh_action_differential ... ok
test refresh::unit_tests::test_refresh_action_full ... ok
test refresh::unit_tests::test_refresh_action_no_data ... ok
test refresh::unit_tests::test_refresh_action_reinitialize ... ok
test refresh::unit_tests::test_refresh_action_variants_exist ... ok
test refresh::unit_tests::test_refresh_context_restores_nested_state_on_error ... ok
test refresh::unit_tests::test_reset_execution_state_discards_failed_refresh_output ... ok
test refresh::unit_tests::test_resolve_lsn_b3_1_partial_zero_change ... ok
test refresh::unit_tests::test_resolve_lsn_b3_1_zero_change_pruning ... ok
test refresh::unit_tests::test_resolve_lsn_missing_oid_defaults ... ok
test refresh::unit_tests::test_resolve_lsn_multiple_oids ... ok
test refresh::unit_tests::test_resolve_lsn_no_placeholders ... ok
test refresh::unit_tests::test_resolve_lsn_placeholders_empty_template ... ok
test refresh::unit_tests::test_resolve_lsn_placeholders_missing_source_defaults_to_0_0 ... ok
test refresh::unit_tests::test_resolve_lsn_placeholders_multi_source ... ok
test refresh::unit_tests::test_resolve_lsn_placeholders_no_sources ... ok
test refresh::unit_tests::test_resolve_lsn_placeholders_single_source ... ok
test refresh::unit_tests::test_resolve_lsn_preserves_other_text ... ok
test refresh::unit_tests::test_resolve_lsn_single_oid ... ok
test refresh::unit_tests::test_retained_after_cleanup_all_deleted ... ok
test refresh::unit_tests::test_retained_after_cleanup_basic ... ok
test refresh::unit_tests::test_retained_after_cleanup_nothing_deleted ... ok
test refresh::unit_tests::test_safe_cleanup_lsn_all_zero ... ok
test refresh::unit_tests::test_safe_cleanup_lsn_empty ... ok
test refresh::unit_tests::test_safe_cleanup_lsn_multi_consumer_min ... ok
test refresh::unit_tests::test_safe_cleanup_lsn_single_consumer ... ok
test refresh::unit_tests::test_safe_cleanup_lsn_skips_zero ... ok
test refresh::unit_tests::test_should_not_warn_at_threshold ... ok
test refresh::unit_tests::test_should_not_warn_below_threshold ... ok
test refresh::unit_tests::test_should_not_warn_disabled ... ok
test refresh::unit_tests::test_should_not_warn_negative_input ... ok
test refresh::unit_tests::test_should_not_warn_negative_threshold ... ok
test refresh::unit_tests::test_should_not_warn_zero_input ... ok
test refresh::unit_tests::test_should_warn_above_threshold ... ok
test refresh::unit_tests::test_should_warn_low_threshold ... ok
test refresh::unit_tests::test_st_bypass_thread_local_set_get_clear ... ok
test refresh::unit_tests::test_t1a_case_in_list_drift_detects_q12_canonical ... ok
test refresh::unit_tests::test_t1b_case_in_list_drift_case_insensitive ... ok
test refresh::unit_tests::test_t1c_count_case_in_list_detected ... ok
test refresh::unit_tests::test_t1d_case_agg_no_in_list_not_detected ... ok
test refresh::unit_tests::test_t1e_in_list_no_case_agg_not_detected ... ok
test refresh::unit_tests::test_t1f_scan_not_detected_by_case_in_list ... ok
test refresh::unit_tests::test_t1g_correlated_aggregate_subquery_detects_q20_canonical ... ok
test refresh::unit_tests::test_t1h_correlated_aggregate_subquery_gte_variant ... ok
test refresh::unit_tests::test_t1i_correlated_aggregate_subquery_lt_lte_variants ... ok
test refresh::unit_tests::test_t1j_comparison_subquery_no_aggregate_not_detected ... ok
test refresh::unit_tests::test_t1k_no_subquery_not_detected ... ok
test refresh::unit_tests::test_t1l_in_subquery_not_detected_by_correlated_detector ... ok
test refresh::unit_tests::test_topk_metadata_empty_order_by ... ok
test refresh::unit_tests::test_topk_metadata_negative_limit ... ok
test refresh::unit_tests::test_topk_metadata_negative_offset ... ok
test refresh::unit_tests::test_topk_metadata_valid ... ok
test refresh::unit_tests::test_topk_metadata_valid_with_offset ... ok
test refresh::unit_tests::test_topk_metadata_whitespace_order_by ... ok
test refresh::unit_tests::test_topk_metadata_zero_limit ... ok
test refresh::unit_tests::test_window_refresh_reason_codes_round_trip ... ok
test refresh::unit_tests::test_window_refresh_reason_detail_is_sorted_and_keeps_differential_semantics ... ok
test refresh::unit_tests::test_window_refresh_reason_priority_is_deterministic ... ok
test refresh::vectorized_agg::tests::avg_finalizer_uses_numeric_division ... ok
test refresh::vectorized_agg::tests::combines_same_group_across_pages ... ok
test refresh::vectorized_agg::tests::finalizer_consolidates_page_groups_before_apply ... ok
test refresh::vectorized_agg::tests::min_max_tracks_page_candidates ... ok
test refresh::vectorized_agg::tests::minmax_deletion_uses_one_batched_source_rescan ... ok
test refresh::vectorized_agg::tests::reduces_insert_delete_and_null_semantics_per_group ... ok
test refresh::vectorized_agg::tests::rejects_invalid_action_before_reduction ... ok
test refresh::vectorized_agg::tests::transition_overflow_is_reported ... ok
test scheduler::citus::tests::test_record_worker_failure_increments_count ... ok
test scheduler::citus::tests::test_record_worker_failure_separate_pgt_ids ... ok
test scheduler::citus::tests::test_record_worker_failure_separate_worker_keys ... ok
test scheduler::citus::tests::test_reset_worker_failure_clears_counter ... ok
test scheduler::citus::tests::test_reset_worker_failure_does_not_affect_other_keys ... ok
test scheduler::citus::tests::test_reset_worker_failure_missing_entry_is_noop ... ok
test scheduler::controller::tests::cpu_wins_worker_growth ... ok
test scheduler::controller::tests::due_and_override_precedence_are_deterministic ... ok
test scheduler::controller::tests::explicit_batch_is_capped_by_memory_budget ... ok
test scheduler::controller::tests::finite_inputs_reject_bad_floats ... ok
test scheduler::controller::tests::freshness_risk_is_not_immediate_infeasibility ... ok
test scheduler::controller::tests::hysteresis_ignores_repeated_evidence_tokens ... ok
test scheduler::controller::tests::hysteresis_requires_three_observations_and_plan_reset ... ok
test scheduler::controller::tests::infeasibility_uses_fastest_observed_cost_not_p95 ... ok
test scheduler::controller::tests::invalid_worker_bounds_do_not_panic ... ok
test scheduler::controller::tests::measured_cost_selects_the_lower_eligible_mode ... ok
test scheduler::controller::tests::one_sided_evidence_does_not_switch_a_valid_current_mode ... ok
test scheduler::controller::tests::overload_defers_only_pending_work_with_positive_slack ... ok
test scheduler::controller::tests::percentile_is_bounded_and_nearest_ranked ... ok
test scheduler::controller::tests::priority_places_missing_slack_after_known_slack ... ok
test scheduler::controller::tests::sla_hysteresis_requires_three_new_samples ... ok
test scheduler::controller::tests::unknown_age_dispatches_even_when_overloaded ... ok
test scheduler::controller::tests::validation_rejects_missing_or_stale_cost_identity ... ok
test scheduler::cost::tests::test_compute_per_db_quota_at_burst_threshold ... ok
test scheduler::cost::tests::test_compute_per_db_quota_base_one ... ok
test scheduler::cost::tests::test_compute_per_db_quota_burst_under_80_percent ... ok
test scheduler::cost::tests::test_compute_per_db_quota_disabled ... ok
test scheduler::cost::tests::test_compute_per_db_quota_with_lag_disabled ... ok
test scheduler::cost::tests::test_compute_per_db_quota_with_lag_enabled ... ok
test scheduler::cost::tests::test_lag_aware_quota_boost_capped_at_two ... ok
test scheduler::cost::tests::test_lag_aware_quota_boost_equal_to_schedule ... ok
test scheduler::cost::tests::test_lag_aware_quota_boost_no_lag ... ok
test scheduler::cost::tests::test_lag_aware_quota_boost_zero_target ... ok
test scheduler::dispatch::tests::test_compute_adaptive_poll_completion_resets_to_min ... ok
test scheduler::dispatch::tests::test_compute_adaptive_poll_doubles_each_tick ... ok
test scheduler::dispatch::tests::test_compute_adaptive_poll_min_boundary ... ok
test scheduler::dispatch::tests::test_compute_adaptive_poll_no_inflight_returns_base ... ok
test scheduler::dispatch::tests::test_parallel_dispatch_state_new_no_inflight ... ok
test scheduler::dispatch::tests::test_parse_worker_extra_db_with_hyphens ... ok
test scheduler::dispatch::tests::test_parse_worker_extra_empty_db_name ... ok
test scheduler::dispatch::tests::test_parse_worker_extra_empty_string ... ok
test scheduler::dispatch::tests::test_parse_worker_extra_extra_separators_in_db_name ... ok
test scheduler::dispatch::tests::test_parse_worker_extra_missing_separator ... ok
test scheduler::dispatch::tests::test_parse_worker_extra_negative_job_id ... ok
test scheduler::dispatch::tests::test_parse_worker_extra_non_numeric_job_id ... ok
test scheduler::dispatch::tests::test_parse_worker_extra_valid ... ok
test scheduler::dispatch::tests::test_parse_worker_extra_valid_large_job_id ... ok
test scheduler::dispatch::tests::test_parse_worker_extra_zero_job_id ... ok
test scheduler::scheduler_loop::tests::test_module_is_reachable ... ok
test scheduler::tenancy::tests::deadlines_respect_floors_and_configured_maxima ... ok
test scheduler::tenancy::tests::fairness_prefers_overdue_and_then_oldest_dispatch ... ok
test scheduler::tenancy::tests::hysteresis_requires_two_healthy_ticks ... ok
test scheduler::tenancy::tests::jitter_is_stable_and_bounded ... ok
test scheduler::tenancy::tests::pressure_includes_active_refreshes ... ok
test scheduler::tenancy::tests::pressure_uses_the_maximum_proxy ... ok
test scheduler::tests::load_shed_buffer_guard_is_sampled_at_most_every_ten_seconds ... ok
test scheduler::tests::reminder_throttle_uses_successful_emission_interval ... ok
test scheduler::tests::test_adaptive_poll_backoff_doubles_each_tick ... ok
test scheduler::tests::test_adaptive_poll_caps_at_max ... ok
test scheduler::tests::test_adaptive_poll_completion_after_backoff_resets ... ok
test scheduler::tests::test_adaptive_poll_completion_resets_to_min ... ok
test scheduler::tests::test_adaptive_poll_full_backoff_sequence ... ok
test scheduler::tests::test_adaptive_poll_no_inflight_returns_base_interval ... ok
test scheduler::tests::test_adaptive_poll_transition_inflight_to_idle ... ok
test scheduler::tests::test_cascade_pipeline_downstream_ready_after_upstream_completes ... ok
test scheduler::tests::test_cascade_wave_reset_preserves_correctness ... ok
test scheduler::tests::test_current_epoch_ms_monotonic ... ok
test scheduler::tests::test_current_epoch_ms_returns_reasonable_value ... ok
test scheduler::tests::test_ec11_fires_before_backoff_threshold ... ok
test scheduler::tests::test_effective_full_fallback_updates_full_cost_slot ... ok
test scheduler::tests::test_falling_behind_at_80_percent_ec11_threshold ... ok
test scheduler::tests::test_falling_behind_at_95_percent_triggers_backoff ... ok
test scheduler::tests::test_falling_behind_below_95_percent_no_backoff ... ok
test scheduler::tests::test_falling_behind_negative_schedule ... ok
test scheduler::tests::test_falling_behind_over_100_percent ... ok
test scheduler::tests::test_falling_behind_zero_schedule ... ok
test scheduler::tests::test_fuse_is_active_auto_mode ... ok
test scheduler::tests::test_fuse_is_active_off_mode ... ok
test scheduler::tests::test_fuse_is_active_on_no_ceiling_at_all ... ok
test scheduler::tests::test_fuse_is_active_on_with_global_ceiling_only ... ok
test scheduler::tests::test_fuse_is_active_on_with_per_st_ceiling ... ok
test scheduler::tests::test_group_due_empty_is_false ... ok
test scheduler::tests::test_group_due_fastest_all_false ... ok
test scheduler::tests::test_group_due_fastest_any_true ... ok
test scheduler::tests::test_group_due_single_member ... ok
test scheduler::tests::test_group_due_slowest_all_true ... ok
test scheduler::tests::test_group_due_slowest_not_all_true ... ok
test scheduler::tests::test_is_unit_due_pure_no_members ... ok
test scheduler::tests::test_mixed_cost_levels_no_level_barrier ... ok
test scheduler::tests::test_not_falling_behind ... ok
test scheduler::tests::test_parallel_state_has_inflight ... ok
test scheduler::tests::test_parallel_state_new_has_min_adaptive_poll ... ok
test scheduler::tests::test_parallel_state_new_is_empty ... ok
test scheduler::tests::test_parallel_state_wave_reset_fires_after_dispatch_not_before ... ok
test scheduler::tests::test_parse_worker_extra_empty ... ok
test scheduler::tests::test_parse_worker_extra_empty_db_name ... ok
test scheduler::tests::test_parse_worker_extra_invalid_job_id ... ok
test scheduler::tests::test_parse_worker_extra_long_db_name ... ok
test scheduler::tests::test_parse_worker_extra_negative_job_id ... ok
test scheduler::tests::test_parse_worker_extra_no_separator ... ok
test scheduler::tests::test_parse_worker_extra_valid ... ok
test scheduler::tests::test_parse_worker_extra_zero_job_id ... ok
test scheduler::tests::test_per_db_quota_burst_when_spare_capacity ... ok
test scheduler::tests::test_per_db_quota_disabled_returns_max_concurrent ... ok
test scheduler::tests::test_per_db_quota_minimum_one ... ok
test scheduler::tests::test_per_db_quota_no_burst_at_capacity ... ok
test scheduler::tests::test_per_db_quota_small_base_still_bursts ... ok
test scheduler::tests::test_permanent_failure_unblocks_downstream_units ... ok
test scheduler::tests::test_permanent_failure_wave_reset_does_not_re_block ... ok
test scheduler::tests::test_refresh_outcome_clone ... ok
test scheduler::tests::test_refresh_outcome_debug_and_equality ... ok
test scheduler::tests::test_scheduler_requires_matching_installed_extension_version ... ok
test scheduler::tests::test_sort_priority_hot_singleton_before_warm_singleton ... ok
test scheduler::tests::test_sort_priority_immediate_beats_hot_singleton ... ok
test scheduler::tests::test_sort_priority_immediate_before_singleton ... ok
test scheduler::tests::test_sort_priority_missing_tier_defaults_to_hot ... ok
test scheduler::tests::test_sort_priority_warm_singleton_before_cold_singleton ... ok
test scheduler::tests::test_unit_dispatch_state_default ... ok
test scheduler::tier::tests::test_refresh_tier_default ... ok
test scheduler::tier::tests::test_refresh_tier_display ... ok
test scheduler::tier::tests::test_refresh_tier_is_valid_str ... ok
test scheduler::tier::tests::test_refresh_tier_roundtrip ... ok
test scheduler::tier::tests::test_refresh_tier_schedule_multiplier ... ok
test scheduler::watermark::tests::test_should_emit_warning_above_age_threshold_first_time ... ok
test scheduler::watermark::tests::test_should_emit_warning_at_age_threshold ... ok
test scheduler::watermark::tests::test_should_emit_warning_below_age_threshold ... ok
test scheduler::watermark::tests::test_should_emit_warning_disabled_when_warn_secs_negative ... ok
test scheduler::watermark::tests::test_should_emit_warning_disabled_when_warn_secs_zero ... ok
test scheduler::watermark::tests::test_should_emit_warning_rate_limit_expired ... ok
test scheduler::watermark::tests::test_should_emit_warning_rate_limited ... ok
test scheduler::watermark::tests::test_should_emit_warning_saturating_sub_overflow ... ok
test setop_state::tests::test_schema_version_is_positive ... ok
test setop_state::tests::test_state_names_are_unique_per_stream ... ok
test setop_state::tests::test_state_relation_names_are_deterministic ... ok
test shmem::tests::test_drain_empty ... ok
test shmem::tests::test_drain_overflow_returns_none ... ok
test shmem::tests::test_drain_returns_ids_and_resets ... ok
test shmem::tests::test_epoch_monotonically_increases ... ok
test shmem::tests::test_increment_epoch_advances_counter ... ok
test shmem::tests::test_ring_dedup_across_different_ids ... ok
test shmem::tests::test_ring_overflow_at_capacity ... ok
test shmem::tests::test_ring_push_deduplicates ... ok
test shmem::tests::test_ring_push_multiple_distinct ... ok
test shmem::tests::test_ring_push_single ... ok
test shmem::tests::test_ring_push_then_drain_then_reuse ... ok
test shmem::tests::test_scheduler_meta_stores_and_retrieves_state ... ok
test shmem::tests::test_scheduler_meta_wake_timestamp_updates ... ok
test shmem::tests::test_signal_dag_rebuild_sets_overflow ... ok
test sql_builder::tests::test_ident_empty ... ok
test sql_builder::tests::test_ident_reserved_word ... ok
test sql_builder::tests::test_ident_simple ... ok
test sql_builder::tests::test_ident_uppercase ... ok
test sql_builder::tests::test_ident_with_double_quote ... ok
test sql_builder::tests::test_list_idents_empty ... ok
test sql_builder::tests::test_list_idents_multiple ... ok
test sql_builder::tests::test_list_idents_owned ... ok
test sql_builder::tests::test_list_idents_single ... ok
test sql_builder::tests::test_list_idents_with_special ... ok
test sql_builder::tests::test_literal_empty ... ok
test sql_builder::tests::test_literal_multiple_quotes ... ok
test sql_builder::tests::test_literal_simple ... ok
test sql_builder::tests::test_literal_single_quote ... ok
test sql_builder::tests::test_qualified_simple ... ok
test sql_builder::tests::test_qualified_special_chars ... ok
test sql_builder::tests::test_regclass ... ok
test sql_builder::tests::test_spi_param ... ok
test template_cache::tests::test_hash_i64_roundtrip_arbitrary ... ok
test template_cache::tests::test_hash_i64_roundtrip_max ... ok
test template_cache::tests::test_hash_i64_roundtrip_zero ... ok
test template_cache::tests::test_purge_disabled_at_zero_or_negative ... ok
test template_cache::tests::test_source_oid_i32_roundtrip ... ok
test version::tests::test_canonical_data_timestamp_alignment ... ok
test version::tests::test_canonical_period_selection ... ok
test version::tests::test_compute_new_frontier ... ok
test version::tests::test_epoch_to_pg_timestamp_format ... ok
test version::tests::test_epoch_to_pg_timestamp_zero ... ok
test version::tests::test_frontier_get_lsn ... ok
test version::tests::test_frontier_get_snapshot_ts_absent ... ok
test version::tests::test_frontier_get_snapshot_ts_present ... ok
test version::tests::test_frontier_is_empty_after_set_source ... ok
test version::tests::test_frontier_is_empty_new ... ok
test version::tests::test_frontier_merge ... ok
test version::tests::test_frontier_serialization ... ok
test version::tests::test_frontier_source_oids ... ok
test version::tests::test_lsn_comparison ... ok
test version::tests::test_lsn_to_u64_known_values ... ok
test version::tests::test_lsn_to_u64_round_trip ... ok
test version::tests::test_select_target_data_timestamp_calculated ... ok
test version::tests::test_select_target_data_timestamp_no_schedule_no_upstream ... ok
test version::tests::test_select_target_data_timestamp_schedule_returns_aligned ... ok
test version::tests::test_select_target_data_timestamp_single_upstream ... ok
test version::tests::test_select_target_data_timestamp_with_schedule ... ok
test version::tests::test_u64_to_lsn_format ... ok
test wal_decoder::tests::prop_build_pk_hash_empty_pk_returns_zero ... ok
test wal_decoder::tests::prop_build_pk_hash_no_panic ... ok
test wal_decoder::tests::prop_detect_schema_mismatch_empty_parsed_is_false ... ok
test wal_decoder::tests::prop_detect_schema_mismatch_no_panic ... ok
test wal_decoder::tests::prop_parse_pgoutput_action_no_panic ... ok
test wal_decoder::tests::prop_parse_pgoutput_columns_no_panic ... ok
test wal_decoder::tests::prop_parse_pgoutput_old_columns_no_panic ... ok
test wal_decoder::tests::test_action_exact_matching_not_substring ... ok
test wal_decoder::tests::test_build_pk_hash_composite_key ... ok
test wal_decoder::tests::test_build_pk_hash_empty ... ok
test wal_decoder::tests::test_build_pk_hash_missing_key ... ok
test wal_decoder::tests::test_build_pk_hash_single_key ... ok
test wal_decoder::tests::test_build_pk_hash_sql_injection_safe ... ok
test wal_decoder::tests::test_extract_table_name_begin_returns_none ... ok
test wal_decoder::tests::test_extract_table_name_commit_returns_none ... ok
test wal_decoder::tests::test_extract_table_name_insert ... ok
test wal_decoder::tests::test_extract_table_name_partition_child ... ok
test wal_decoder::tests::test_extract_table_name_update ... ok
test wal_decoder::tests::test_old_columns_full_replica_identity_all_values ... ok
test wal_decoder::tests::test_old_columns_insert_returns_empty ... ok
test wal_decoder::tests::test_parse_old_columns_composite_pk ... ok
test wal_decoder::tests::test_parse_old_columns_delete_has_no_old_key ... ok
test wal_decoder::tests::test_parse_old_columns_insert_has_no_old_key ... ok
test wal_decoder::tests::test_parse_old_columns_no_old_key_section ... ok
test wal_decoder::tests::test_parse_old_columns_old_key_at_end ... ok
test wal_decoder::tests::test_parse_old_columns_truncated_old_key_marker ... ok
test wal_decoder::tests::test_parse_old_columns_update_with_old_key ... ok
test wal_decoder::tests::test_parse_pgoutput_begin ... ok
test wal_decoder::tests::test_parse_pgoutput_column_value_contains_delete ... ok
test wal_decoder::tests::test_parse_pgoutput_columns_empty ... ok
test wal_decoder::tests::test_parse_pgoutput_columns_insert ... ok
test wal_decoder::tests::test_parse_pgoutput_columns_preserves_quoted_values_and_nulls ... ok
test wal_decoder::tests::test_parse_pgoutput_columns_truncated_action_marker ... ok
test wal_decoder::tests::test_parse_pgoutput_columns_update_prefers_new_tuple ... ok
test wal_decoder::tests::test_parse_pgoutput_commit ... ok
test wal_decoder::tests::test_parse_pgoutput_delete ... ok
test wal_decoder::tests::test_parse_pgoutput_insert ... ok
test wal_decoder::tests::test_parse_pgoutput_schema_named_insert ... ok
test wal_decoder::tests::test_parse_pgoutput_table_named_insert_log ... ok
test wal_decoder::tests::test_parse_pgoutput_truncate ... ok
test wal_decoder::tests::test_parse_pgoutput_update ... ok
test wal_decoder::tests::test_pk_hash_keyless_table_returns_zero ... ok
test wal_decoder::tests::test_pk_hash_special_chars_escaped ... ok
test wal_decoder::tests::test_quote_ident_simple ... ok
test wal_decoder::tests::test_quote_ident_with_quotes ... ok
test wal_decoder::tests::test_schema_mismatch_column_rename ... ok
test wal_decoder::tests::test_schema_mismatch_empty_parsed ... ok
test wal_decoder::tests::test_schema_mismatch_new_column ... ok
test wal_decoder::tests::test_schema_mismatch_no_mismatch ... ok
test wal_decoder::tests::test_schema_mismatch_subset_ok ... ok
test wal_decoder::tests::test_v103_lsn_position_orders_receipt_high_watermarks ... ok
test wal_decoder::tests::test_v103_wal_capture_is_enabled ... ok
test window_state::tests::test_projected_registry_bytes_enforces_per_stream_total ... ok
test window_state::tests::test_registry_invariants_enforce_shared_generation_and_unique_relations ... ok
test window_state::tests::test_registry_metadata_fails_closed ... ok
test window_state::tests::test_simple_column_name_rejects_expressions_and_qualification ... ok
test window_state::tests::test_state_names_are_deterministic ... ok

test result: ok. 2587 passed; 0 failed; 0 ignored; 0 measured; 0 filtered out; finished in 3.62s

